,stack,express,action
0,"['#', 'S']","['int', 'IDN', '(', ')', '{', 'int', 'IDN', '=', 'INT10', ';', 'int', 'IDN', '=', 'INT10', ';', 'int', 'IDN', '=', 'INT10', ';', 'if', '(', 'IDN', '>', 'IDN', ')', '{', 'IDN', '=', 'IDN', '+', 'IDN', ';', 'for', '(', 'IDN', '=', 'INT10', ';', 'IDN', '<', 'IDN', ';', 'IDN', '=', 'IDN', '+', 'INT10', ')', '{', 'IDN', '=', 'IDN', '+', 'IDN', ';', '}', '}', '}', '#']",替代
1,"['#', 'funcs', 'func']","['int', 'IDN', '(', ')', '{', 'int', 'IDN', '=', 'INT10', ';', 'int', 'IDN', '=', 'INT10', ';', 'int', 'IDN', '=', 'INT10', ';', 'if', '(', 'IDN', '>', 'IDN', ')', '{', 'IDN', '=', 'IDN', '+', 'IDN', ';', 'for', '(', 'IDN', '=', 'INT10', ';', 'IDN', '<', 'IDN', ';', 'IDN', '=', 'IDN', '+', 'INT10', ')', '{', 'IDN', '=', 'IDN', '+', 'IDN', ';', '}', '}', '}', '#']",替代
2,"['#', 'funcs', 'func_body', ')', 'args', '(', 'IDN', 'type']","['int', 'IDN', '(', ')', '{', 'int', 'IDN', '=', 'INT10', ';', 'int', 'IDN', '=', 'INT10', ';', 'int', 'IDN', '=', 'INT10', ';', 'if', '(', 'IDN', '>', 'IDN', ')', '{', 'IDN', '=', 'IDN', '+', 'IDN', ';', 'for', '(', 'IDN', '=', 'INT10', ';', 'IDN', '<', 'IDN', ';', 'IDN', '=', 'IDN', '+', 'INT10', ')', '{', 'IDN', '=', 'IDN', '+', 'IDN', ';', '}', '}', '}', '#']",替代
3,"['#', 'funcs', 'func_body', ')', 'args', '(', 'IDN', 'int']","['int', 'IDN', '(', ')', '{', 'int', 'IDN', '=', 'INT10', ';', 'int', 'IDN', '=', 'INT10', ';', 'int', 'IDN', '=', 'INT10', ';', 'if', '(', 'IDN', '>', 'IDN', ')', '{', 'IDN', '=', 'IDN', '+', 'IDN', ';', 'for', '(', 'IDN', '=', 'INT10', ';', 'IDN', '<', 'IDN', ';', 'IDN', '=', 'IDN', '+', 'INT10', ')', '{', 'IDN', '=', 'IDN', '+', 'IDN', ';', '}', '}', '}', '#']",匹配成功 : int
4,"['#', 'funcs', 'func_body', ')', 'args', '(', 'IDN']","['IDN', '(', ')', '{', 'int', 'IDN', '=', 'INT10', ';', 'int', 'IDN', '=', 'INT10', ';', 'int', 'IDN', '=', 'INT10', ';', 'if', '(', 'IDN', '>', 'IDN', ')', '{', 'IDN', '=', 'IDN', '+', 'IDN', ';', 'for', '(', 'IDN', '=', 'INT10', ';', 'IDN', '<', 'IDN', ';', 'IDN', '=', 'IDN', '+', 'INT10', ')', '{', 'IDN', '=', 'IDN', '+', 'IDN', ';', '}', '}', '}', '#']",匹配成功 : IDN
5,"['#', 'funcs', 'func_body', ')', 'args', '(']","['(', ')', '{', 'int', 'IDN', '=', 'INT10', ';', 'int', 'IDN', '=', 'INT10', ';', 'int', 'IDN', '=', 'INT10', ';', 'if', '(', 'IDN', '>', 'IDN', ')', '{', 'IDN', '=', 'IDN', '+', 'IDN', ';', 'for', '(', 'IDN', '=', 'INT10', ';', 'IDN', '<', 'IDN', ';', 'IDN', '=', 'IDN', '+', 'INT10', ')', '{', 'IDN', '=', 'IDN', '+', 'IDN', ';', '}', '}', '}', '#']",匹配成功 : (
6,"['#', 'funcs', 'func_body', ')', 'args']","[')', '{', 'int', 'IDN', '=', 'INT10', ';', 'int', 'IDN', '=', 'INT10', ';', 'int', 'IDN', '=', 'INT10', ';', 'if', '(', 'IDN', '>', 'IDN', ')', '{', 'IDN', '=', 'IDN', '+', 'IDN', ';', 'for', '(', 'IDN', '=', 'INT10', ';', 'IDN', '<', 'IDN', ';', 'IDN', '=', 'IDN', '+', 'INT10', ')', '{', 'IDN', '=', 'IDN', '+', 'IDN', ';', '}', '}', '}', '#']",可替代为空
7,"['#', 'funcs', 'func_body', ')']","[')', '{', 'int', 'IDN', '=', 'INT10', ';', 'int', 'IDN', '=', 'INT10', ';', 'int', 'IDN', '=', 'INT10', ';', 'if', '(', 'IDN', '>', 'IDN', ')', '{', 'IDN', '=', 'IDN', '+', 'IDN', ';', 'for', '(', 'IDN', '=', 'INT10', ';', 'IDN', '<', 'IDN', ';', 'IDN', '=', 'IDN', '+', 'INT10', ')', '{', 'IDN', '=', 'IDN', '+', 'IDN', ';', '}', '}', '}', '#']",匹配成功 : )
8,"['#', 'funcs', 'func_body']","['{', 'int', 'IDN', '=', 'INT10', ';', 'int', 'IDN', '=', 'INT10', ';', 'int', 'IDN', '=', 'INT10', ';', 'if', '(', 'IDN', '>', 'IDN', ')', '{', 'IDN', '=', 'IDN', '+', 'IDN', ';', 'for', '(', 'IDN', '=', 'INT10', ';', 'IDN', '<', 'IDN', ';', 'IDN', '=', 'IDN', '+', 'INT10', ')', '{', 'IDN', '=', 'IDN', '+', 'IDN', ';', '}', '}', '}', '#']",替代
9,"['#', 'funcs', 'block']","['{', 'int', 'IDN', '=', 'INT10', ';', 'int', 'IDN', '=', 'INT10', ';', 'int', 'IDN', '=', 'INT10', ';', 'if', '(', 'IDN', '>', 'IDN', ')', '{', 'IDN', '=', 'IDN', '+', 'IDN', ';', 'for', '(', 'IDN', '=', 'INT10', ';', 'IDN', '<', 'IDN', ';', 'IDN', '=', 'IDN', '+', 'INT10', ')', '{', 'IDN', '=', 'IDN', '+', 'IDN', ';', '}', '}', '}', '#']",替代
10,"['#', 'funcs', '}', 'stmts', 'define_stmts', '{']","['{', 'int', 'IDN', '=', 'INT10', ';', 'int', 'IDN', '=', 'INT10', ';', 'int', 'IDN', '=', 'INT10', ';', 'if', '(', 'IDN', '>', 'IDN', ')', '{', 'IDN', '=', 'IDN', '+', 'IDN', ';', 'for', '(', 'IDN', '=', 'INT10', ';', 'IDN', '<', 'IDN', ';', 'IDN', '=', 'IDN', '+', 'INT10', ')', '{', 'IDN', '=', 'IDN', '+', 'IDN', ';', '}', '}', '}', '#']",匹配成功 : {
11,"['#', 'funcs', '}', 'stmts', 'define_stmts']","['int', 'IDN', '=', 'INT10', ';', 'int', 'IDN', '=', 'INT10', ';', 'int', 'IDN', '=', 'INT10', ';', 'if', '(', 'IDN', '>', 'IDN', ')', '{', 'IDN', '=', 'IDN', '+', 'IDN', ';', 'for', '(', 'IDN', '=', 'INT10', ';', 'IDN', '<', 'IDN', ';', 'IDN', '=', 'IDN', '+', 'INT10', ')', '{', 'IDN', '=', 'IDN', '+', 'IDN', ';', '}', '}', '}', '#']",替代
12,"['#', 'funcs', '}', 'stmts', 'define_stmts', 'define_stmt']","['int', 'IDN', '=', 'INT10', ';', 'int', 'IDN', '=', 'INT10', ';', 'int', 'IDN', '=', 'INT10', ';', 'if', '(', 'IDN', '>', 'IDN', ')', '{', 'IDN', '=', 'IDN', '+', 'IDN', ';', 'for', '(', 'IDN', '=', 'INT10', ';', 'IDN', '<', 'IDN', ';', 'IDN', '=', 'IDN', '+', 'INT10', ')', '{', 'IDN', '=', 'IDN', '+', 'IDN', ';', '}', '}', '}', '#']",替代
13,"['#', 'funcs', '}', 'stmts', 'define_stmts', 'define_stmts', ';', 'vars', 'init', 'IDN', 'type']","['int', 'IDN', '=', 'INT10', ';', 'int', 'IDN', '=', 'INT10', ';', 'int', 'IDN', '=', 'INT10', ';', 'if', '(', 'IDN', '>', 'IDN', ')', '{', 'IDN', '=', 'IDN', '+', 'IDN', ';', 'for', '(', 'IDN', '=', 'INT10', ';', 'IDN', '<', 'IDN', ';', 'IDN', '=', 'IDN', '+', 'INT10', ')', '{', 'IDN', '=', 'IDN', '+', 'IDN', ';', '}', '}', '}', '#']",替代
14,"['#', 'funcs', '}', 'stmts', 'define_stmts', 'define_stmts', ';', 'vars', 'init', 'IDN', 'int']","['int', 'IDN', '=', 'INT10', ';', 'int', 'IDN', '=', 'INT10', ';', 'int', 'IDN', '=', 'INT10', ';', 'if', '(', 'IDN', '>', 'IDN', ')', '{', 'IDN', '=', 'IDN', '+', 'IDN', ';', 'for', '(', 'IDN', '=', 'INT10', ';', 'IDN', '<', 'IDN', ';', 'IDN', '=', 'IDN', '+', 'INT10', ')', '{', 'IDN', '=', 'IDN', '+', 'IDN', ';', '}', '}', '}', '#']",匹配成功 : int
15,"['#', 'funcs', '}', 'stmts', 'define_stmts', 'define_stmts', ';', 'vars', 'init', 'IDN']","['IDN', '=', 'INT10', ';', 'int', 'IDN', '=', 'INT10', ';', 'int', 'IDN', '=', 'INT10', ';', 'if', '(', 'IDN', '>', 'IDN', ')', '{', 'IDN', '=', 'IDN', '+', 'IDN', ';', 'for', '(', 'IDN', '=', 'INT10', ';', 'IDN', '<', 'IDN', ';', 'IDN', '=', 'IDN', '+', 'INT10', ')', '{', 'IDN', '=', 'IDN', '+', 'IDN', ';', '}', '}', '}', '#']",匹配成功 : IDN
16,"['#', 'funcs', '}', 'stmts', 'define_stmts', 'define_stmts', ';', 'vars', 'init']","['=', 'INT10', ';', 'int', 'IDN', '=', 'INT10', ';', 'int', 'IDN', '=', 'INT10', ';', 'if', '(', 'IDN', '>', 'IDN', ')', '{', 'IDN', '=', 'IDN', '+', 'IDN', ';', 'for', '(', 'IDN', '=', 'INT10', ';', 'IDN', '<', 'IDN', ';', 'IDN', '=', 'IDN', '+', 'INT10', ')', '{', 'IDN', '=', 'IDN', '+', 'IDN', ';', '}', '}', '}', '#']",替代
17,"['#', 'funcs', '}', 'stmts', 'define_stmts', 'define_stmts', ';', 'vars', 'expression', '=']","['=', 'INT10', ';', 'int', 'IDN', '=', 'INT10', ';', 'int', 'IDN', '=', 'INT10', ';', 'if', '(', 'IDN', '>', 'IDN', ')', '{', 'IDN', '=', 'IDN', '+', 'IDN', ';', 'for', '(', 'IDN', '=', 'INT10', ';', 'IDN', '<', 'IDN', ';', 'IDN', '=', 'IDN', '+', 'INT10', ')', '{', 'IDN', '=', 'IDN', '+', 'IDN', ';', '}', '}', '}', '#']",匹配成功 : =
18,"['#', 'funcs', '}', 'stmts', 'define_stmts', 'define_stmts', ';', 'vars', 'expression']","['INT10', ';', 'int', 'IDN', '=', 'INT10', ';', 'int', 'IDN', '=', 'INT10', ';', 'if', '(', 'IDN', '>', 'IDN', ')', '{', 'IDN', '=', 'IDN', '+', 'IDN', ';', 'for', '(', 'IDN', '=', 'INT10', ';', 'IDN', '<', 'IDN', ';', 'IDN', '=', 'IDN', '+', 'INT10', ')', '{', 'IDN', '=', 'IDN', '+', 'IDN', ';', '}', '}', '}', '#']",替代
19,"['#', 'funcs', '}', 'stmts', 'define_stmts', 'define_stmts', ';', 'vars', 'operation', 'value']","['INT10', ';', 'int', 'IDN', '=', 'INT10', ';', 'int', 'IDN', '=', 'INT10', ';', 'if', '(', 'IDN', '>', 'IDN', ')', '{', 'IDN', '=', 'IDN', '+', 'IDN', ';', 'for', '(', 'IDN', '=', 'INT10', ';', 'IDN', '<', 'IDN', ';', 'IDN', '=', 'IDN', '+', 'INT10', ')', '{', 'IDN', '=', 'IDN', '+', 'IDN', ';', '}', '}', '}', '#']",替代
20,"['#', 'funcs', '}', 'stmts', 'define_stmts', 'define_stmts', ';', 'vars', 'operation', 'value_', 'item']","['INT10', ';', 'int', 'IDN', '=', 'INT10', ';', 'int', 'IDN', '=', 'INT10', ';', 'if', '(', 'IDN', '>', 'IDN', ')', '{', 'IDN', '=', 'IDN', '+', 'IDN', ';', 'for', '(', 'IDN', '=', 'INT10', ';', 'IDN', '<', 'IDN', ';', 'IDN', '=', 'IDN', '+', 'INT10', ')', '{', 'IDN', '=', 'IDN', '+', 'IDN', ';', '}', '}', '}', '#']",替代
21,"['#', 'funcs', '}', 'stmts', 'define_stmts', 'define_stmts', ';', 'vars', 'operation', 'value_', 'item_', 'factor']","['INT10', ';', 'int', 'IDN', '=', 'INT10', ';', 'int', 'IDN', '=', 'INT10', ';', 'if', '(', 'IDN', '>', 'IDN', ')', '{', 'IDN', '=', 'IDN', '+', 'IDN', ';', 'for', '(', 'IDN', '=', 'INT10', ';', 'IDN', '<', 'IDN', ';', 'IDN', '=', 'IDN', '+', 'INT10', ')', '{', 'IDN', '=', 'IDN', '+', 'IDN', ';', '}', '}', '}', '#']",替代
22,"['#', 'funcs', '}', 'stmts', 'define_stmts', 'define_stmts', ';', 'vars', 'operation', 'value_', 'item_', 'const']","['INT10', ';', 'int', 'IDN', '=', 'INT10', ';', 'int', 'IDN', '=', 'INT10', ';', 'if', '(', 'IDN', '>', 'IDN', ')', '{', 'IDN', '=', 'IDN', '+', 'IDN', ';', 'for', '(', 'IDN', '=', 'INT10', ';', 'IDN', '<', 'IDN', ';', 'IDN', '=', 'IDN', '+', 'INT10', ')', '{', 'IDN', '=', 'IDN', '+', 'IDN', ';', '}', '}', '}', '#']",替代
23,"['#', 'funcs', '}', 'stmts', 'define_stmts', 'define_stmts', ';', 'vars', 'operation', 'value_', 'item_', 'num_const']","['INT10', ';', 'int', 'IDN', '=', 'INT10', ';', 'int', 'IDN', '=', 'INT10', ';', 'if', '(', 'IDN', '>', 'IDN', ')', '{', 'IDN', '=', 'IDN', '+', 'IDN', ';', 'for', '(', 'IDN', '=', 'INT10', ';', 'IDN', '<', 'IDN', ';', 'IDN', '=', 'IDN', '+', 'INT10', ')', '{', 'IDN', '=', 'IDN', '+', 'IDN', ';', '}', '}', '}', '#']",替代
24,"['#', 'funcs', '}', 'stmts', 'define_stmts', 'define_stmts', ';', 'vars', 'operation', 'value_', 'item_', 'INT10']","['INT10', ';', 'int', 'IDN', '=', 'INT10', ';', 'int', 'IDN', '=', 'INT10', ';', 'if', '(', 'IDN', '>', 'IDN', ')', '{', 'IDN', '=', 'IDN', '+', 'IDN', ';', 'for', '(', 'IDN', '=', 'INT10', ';', 'IDN', '<', 'IDN', ';', 'IDN', '=', 'IDN', '+', 'INT10', ')', '{', 'IDN', '=', 'IDN', '+', 'IDN', ';', '}', '}', '}', '#']",匹配成功 : INT10
25,"['#', 'funcs', '}', 'stmts', 'define_stmts', 'define_stmts', ';', 'vars', 'operation', 'value_', 'item_']","[';', 'int', 'IDN', '=', 'INT10', ';', 'int', 'IDN', '=', 'INT10', ';', 'if', '(', 'IDN', '>', 'IDN', ')', '{', 'IDN', '=', 'IDN', '+', 'IDN', ';', 'for', '(', 'IDN', '=', 'INT10', ';', 'IDN', '<', 'IDN', ';', 'IDN', '=', 'IDN', '+', 'INT10', ')', '{', 'IDN', '=', 'IDN', '+', 'IDN', ';', '}', '}', '}', '#']",可替代为空
26,"['#', 'funcs', '}', 'stmts', 'define_stmts', 'define_stmts', ';', 'vars', 'operation', 'value_']","[';', 'int', 'IDN', '=', 'INT10', ';', 'int', 'IDN', '=', 'INT10', ';', 'if', '(', 'IDN', '>', 'IDN', ')', '{', 'IDN', '=', 'IDN', '+', 'IDN', ';', 'for', '(', 'IDN', '=', 'INT10', ';', 'IDN', '<', 'IDN', ';', 'IDN', '=', 'IDN', '+', 'INT10', ')', '{', 'IDN', '=', 'IDN', '+', 'IDN', ';', '}', '}', '}', '#']",可替代为空
27,"['#', 'funcs', '}', 'stmts', 'define_stmts', 'define_stmts', ';', 'vars', 'operation']","[';', 'int', 'IDN', '=', 'INT10', ';', 'int', 'IDN', '=', 'INT10', ';', 'if', '(', 'IDN', '>', 'IDN', ')', '{', 'IDN', '=', 'IDN', '+', 'IDN', ';', 'for', '(', 'IDN', '=', 'INT10', ';', 'IDN', '<', 'IDN', ';', 'IDN', '=', 'IDN', '+', 'INT10', ')', '{', 'IDN', '=', 'IDN', '+', 'IDN', ';', '}', '}', '}', '#']",可替代为空
28,"['#', 'funcs', '}', 'stmts', 'define_stmts', 'define_stmts', ';', 'vars']","[';', 'int', 'IDN', '=', 'INT10', ';', 'int', 'IDN', '=', 'INT10', ';', 'if', '(', 'IDN', '>', 'IDN', ')', '{', 'IDN', '=', 'IDN', '+', 'IDN', ';', 'for', '(', 'IDN', '=', 'INT10', ';', 'IDN', '<', 'IDN', ';', 'IDN', '=', 'IDN', '+', 'INT10', ')', '{', 'IDN', '=', 'IDN', '+', 'IDN', ';', '}', '}', '}', '#']",可替代为空
29,"['#', 'funcs', '}', 'stmts', 'define_stmts', 'define_stmts', ';']","[';', 'int', 'IDN', '=', 'INT10', ';', 'int', 'IDN', '=', 'INT10', ';', 'if', '(', 'IDN', '>', 'IDN', ')', '{', 'IDN', '=', 'IDN', '+', 'IDN', ';', 'for', '(', 'IDN', '=', 'INT10', ';', 'IDN', '<', 'IDN', ';', 'IDN', '=', 'IDN', '+', 'INT10', ')', '{', 'IDN', '=', 'IDN', '+', 'IDN', ';', '}', '}', '}', '#']",匹配成功 : ;
30,"['#', 'funcs', '}', 'stmts', 'define_stmts', 'define_stmts']","['int', 'IDN', '=', 'INT10', ';', 'int', 'IDN', '=', 'INT10', ';', 'if', '(', 'IDN', '>', 'IDN', ')', '{', 'IDN', '=', 'IDN', '+', 'IDN', ';', 'for', '(', 'IDN', '=', 'INT10', ';', 'IDN', '<', 'IDN', ';', 'IDN', '=', 'IDN', '+', 'INT10', ')', '{', 'IDN', '=', 'IDN', '+', 'IDN', ';', '}', '}', '}', '#']",替代
31,"['#', 'funcs', '}', 'stmts', 'define_stmts', 'define_stmts', 'define_stmt']","['int', 'IDN', '=', 'INT10', ';', 'int', 'IDN', '=', 'INT10', ';', 'if', '(', 'IDN', '>', 'IDN', ')', '{', 'IDN', '=', 'IDN', '+', 'IDN', ';', 'for', '(', 'IDN', '=', 'INT10', ';', 'IDN', '<', 'IDN', ';', 'IDN', '=', 'IDN', '+', 'INT10', ')', '{', 'IDN', '=', 'IDN', '+', 'IDN', ';', '}', '}', '}', '#']",替代
32,"['#', 'funcs', '}', 'stmts', 'define_stmts', 'define_stmts', 'define_stmts', ';', 'vars', 'init', 'IDN', 'type']","['int', 'IDN', '=', 'INT10', ';', 'int', 'IDN', '=', 'INT10', ';', 'if', '(', 'IDN', '>', 'IDN', ')', '{', 'IDN', '=', 'IDN', '+', 'IDN', ';', 'for', '(', 'IDN', '=', 'INT10', ';', 'IDN', '<', 'IDN', ';', 'IDN', '=', 'IDN', '+', 'INT10', ')', '{', 'IDN', '=', 'IDN', '+', 'IDN', ';', '}', '}', '}', '#']",替代
33,"['#', 'funcs', '}', 'stmts', 'define_stmts', 'define_stmts', 'define_stmts', ';', 'vars', 'init', 'IDN', 'int']","['int', 'IDN', '=', 'INT10', ';', 'int', 'IDN', '=', 'INT10', ';', 'if', '(', 'IDN', '>', 'IDN', ')', '{', 'IDN', '=', 'IDN', '+', 'IDN', ';', 'for', '(', 'IDN', '=', 'INT10', ';', 'IDN', '<', 'IDN', ';', 'IDN', '=', 'IDN', '+', 'INT10', ')', '{', 'IDN', '=', 'IDN', '+', 'IDN', ';', '}', '}', '}', '#']",匹配成功 : int
34,"['#', 'funcs', '}', 'stmts', 'define_stmts', 'define_stmts', 'define_stmts', ';', 'vars', 'init', 'IDN']","['IDN', '=', 'INT10', ';', 'int', 'IDN', '=', 'INT10', ';', 'if', '(', 'IDN', '>', 'IDN', ')', '{', 'IDN', '=', 'IDN', '+', 'IDN', ';', 'for', '(', 'IDN', '=', 'INT10', ';', 'IDN', '<', 'IDN', ';', 'IDN', '=', 'IDN', '+', 'INT10', ')', '{', 'IDN', '=', 'IDN', '+', 'IDN', ';', '}', '}', '}', '#']",匹配成功 : IDN
35,"['#', 'funcs', '}', 'stmts', 'define_stmts', 'define_stmts', 'define_stmts', ';', 'vars', 'init']","['=', 'INT10', ';', 'int', 'IDN', '=', 'INT10', ';', 'if', '(', 'IDN', '>', 'IDN', ')', '{', 'IDN', '=', 'IDN', '+', 'IDN', ';', 'for', '(', 'IDN', '=', 'INT10', ';', 'IDN', '<', 'IDN', ';', 'IDN', '=', 'IDN', '+', 'INT10', ')', '{', 'IDN', '=', 'IDN', '+', 'IDN', ';', '}', '}', '}', '#']",替代
36,"['#', 'funcs', '}', 'stmts', 'define_stmts', 'define_stmts', 'define_stmts', ';', 'vars', 'expression', '=']","['=', 'INT10', ';', 'int', 'IDN', '=', 'INT10', ';', 'if', '(', 'IDN', '>', 'IDN', ')', '{', 'IDN', '=', 'IDN', '+', 'IDN', ';', 'for', '(', 'IDN', '=', 'INT10', ';', 'IDN', '<', 'IDN', ';', 'IDN', '=', 'IDN', '+', 'INT10', ')', '{', 'IDN', '=', 'IDN', '+', 'IDN', ';', '}', '}', '}', '#']",匹配成功 : =
37,"['#', 'funcs', '}', 'stmts', 'define_stmts', 'define_stmts', 'define_stmts', ';', 'vars', 'expression']","['INT10', ';', 'int', 'IDN', '=', 'INT10', ';', 'if', '(', 'IDN', '>', 'IDN', ')', '{', 'IDN', '=', 'IDN', '+', 'IDN', ';', 'for', '(', 'IDN', '=', 'INT10', ';', 'IDN', '<', 'IDN', ';', 'IDN', '=', 'IDN', '+', 'INT10', ')', '{', 'IDN', '=', 'IDN', '+', 'IDN', ';', '}', '}', '}', '#']",替代
38,"['#', 'funcs', '}', 'stmts', 'define_stmts', 'define_stmts', 'define_stmts', ';', 'vars', 'operation', 'value']","['INT10', ';', 'int', 'IDN', '=', 'INT10', ';', 'if', '(', 'IDN', '>', 'IDN', ')', '{', 'IDN', '=', 'IDN', '+', 'IDN', ';', 'for', '(', 'IDN', '=', 'INT10', ';', 'IDN', '<', 'IDN', ';', 'IDN', '=', 'IDN', '+', 'INT10', ')', '{', 'IDN', '=', 'IDN', '+', 'IDN', ';', '}', '}', '}', '#']",替代
39,"['#', 'funcs', '}', 'stmts', 'define_stmts', 'define_stmts', 'define_stmts', ';', 'vars', 'operation', 'value_', 'item']","['INT10', ';', 'int', 'IDN', '=', 'INT10', ';', 'if', '(', 'IDN', '>', 'IDN', ')', '{', 'IDN', '=', 'IDN', '+', 'IDN', ';', 'for', '(', 'IDN', '=', 'INT10', ';', 'IDN', '<', 'IDN', ';', 'IDN', '=', 'IDN', '+', 'INT10', ')', '{', 'IDN', '=', 'IDN', '+', 'IDN', ';', '}', '}', '}', '#']",替代
40,"['#', 'funcs', '}', 'stmts', 'define_stmts', 'define_stmts', 'define_stmts', ';', 'vars', 'operation', 'value_', 'item_', 'factor']","['INT10', ';', 'int', 'IDN', '=', 'INT10', ';', 'if', '(', 'IDN', '>', 'IDN', ')', '{', 'IDN', '=', 'IDN', '+', 'IDN', ';', 'for', '(', 'IDN', '=', 'INT10', ';', 'IDN', '<', 'IDN', ';', 'IDN', '=', 'IDN', '+', 'INT10', ')', '{', 'IDN', '=', 'IDN', '+', 'IDN', ';', '}', '}', '}', '#']",替代
41,"['#', 'funcs', '}', 'stmts', 'define_stmts', 'define_stmts', 'define_stmts', ';', 'vars', 'operation', 'value_', 'item_', 'const']","['INT10', ';', 'int', 'IDN', '=', 'INT10', ';', 'if', '(', 'IDN', '>', 'IDN', ')', '{', 'IDN', '=', 'IDN', '+', 'IDN', ';', 'for', '(', 'IDN', '=', 'INT10', ';', 'IDN', '<', 'IDN', ';', 'IDN', '=', 'IDN', '+', 'INT10', ')', '{', 'IDN', '=', 'IDN', '+', 'IDN', ';', '}', '}', '}', '#']",替代
42,"['#', 'funcs', '}', 'stmts', 'define_stmts', 'define_stmts', 'define_stmts', ';', 'vars', 'operation', 'value_', 'item_', 'num_const']","['INT10', ';', 'int', 'IDN', '=', 'INT10', ';', 'if', '(', 'IDN', '>', 'IDN', ')', '{', 'IDN', '=', 'IDN', '+', 'IDN', ';', 'for', '(', 'IDN', '=', 'INT10', ';', 'IDN', '<', 'IDN', ';', 'IDN', '=', 'IDN', '+', 'INT10', ')', '{', 'IDN', '=', 'IDN', '+', 'IDN', ';', '}', '}', '}', '#']",替代
43,"['#', 'funcs', '}', 'stmts', 'define_stmts', 'define_stmts', 'define_stmts', ';', 'vars', 'operation', 'value_', 'item_', 'INT10']","['INT10', ';', 'int', 'IDN', '=', 'INT10', ';', 'if', '(', 'IDN', '>', 'IDN', ')', '{', 'IDN', '=', 'IDN', '+', 'IDN', ';', 'for', '(', 'IDN', '=', 'INT10', ';', 'IDN', '<', 'IDN', ';', 'IDN', '=', 'IDN', '+', 'INT10', ')', '{', 'IDN', '=', 'IDN', '+', 'IDN', ';', '}', '}', '}', '#']",匹配成功 : INT10
44,"['#', 'funcs', '}', 'stmts', 'define_stmts', 'define_stmts', 'define_stmts', ';', 'vars', 'operation', 'value_', 'item_']","[';', 'int', 'IDN', '=', 'INT10', ';', 'if', '(', 'IDN', '>', 'IDN', ')', '{', 'IDN', '=', 'IDN', '+', 'IDN', ';', 'for', '(', 'IDN', '=', 'INT10', ';', 'IDN', '<', 'IDN', ';', 'IDN', '=', 'IDN', '+', 'INT10', ')', '{', 'IDN', '=', 'IDN', '+', 'IDN', ';', '}', '}', '}', '#']",可替代为空
45,"['#', 'funcs', '}', 'stmts', 'define_stmts', 'define_stmts', 'define_stmts', ';', 'vars', 'operation', 'value_']","[';', 'int', 'IDN', '=', 'INT10', ';', 'if', '(', 'IDN', '>', 'IDN', ')', '{', 'IDN', '=', 'IDN', '+', 'IDN', ';', 'for', '(', 'IDN', '=', 'INT10', ';', 'IDN', '<', 'IDN', ';', 'IDN', '=', 'IDN', '+', 'INT10', ')', '{', 'IDN', '=', 'IDN', '+', 'IDN', ';', '}', '}', '}', '#']",可替代为空
46,"['#', 'funcs', '}', 'stmts', 'define_stmts', 'define_stmts', 'define_stmts', ';', 'vars', 'operation']","[';', 'int', 'IDN', '=', 'INT10', ';', 'if', '(', 'IDN', '>', 'IDN', ')', '{', 'IDN', '=', 'IDN', '+', 'IDN', ';', 'for', '(', 'IDN', '=', 'INT10', ';', 'IDN', '<', 'IDN', ';', 'IDN', '=', 'IDN', '+', 'INT10', ')', '{', 'IDN', '=', 'IDN', '+', 'IDN', ';', '}', '}', '}', '#']",可替代为空
47,"['#', 'funcs', '}', 'stmts', 'define_stmts', 'define_stmts', 'define_stmts', ';', 'vars']","[';', 'int', 'IDN', '=', 'INT10', ';', 'if', '(', 'IDN', '>', 'IDN', ')', '{', 'IDN', '=', 'IDN', '+', 'IDN', ';', 'for', '(', 'IDN', '=', 'INT10', ';', 'IDN', '<', 'IDN', ';', 'IDN', '=', 'IDN', '+', 'INT10', ')', '{', 'IDN', '=', 'IDN', '+', 'IDN', ';', '}', '}', '}', '#']",可替代为空
48,"['#', 'funcs', '}', 'stmts', 'define_stmts', 'define_stmts', 'define_stmts', ';']","[';', 'int', 'IDN', '=', 'INT10', ';', 'if', '(', 'IDN', '>', 'IDN', ')', '{', 'IDN', '=', 'IDN', '+', 'IDN', ';', 'for', '(', 'IDN', '=', 'INT10', ';', 'IDN', '<', 'IDN', ';', 'IDN', '=', 'IDN', '+', 'INT10', ')', '{', 'IDN', '=', 'IDN', '+', 'IDN', ';', '}', '}', '}', '#']",匹配成功 : ;
49,"['#', 'funcs', '}', 'stmts', 'define_stmts', 'define_stmts', 'define_stmts']","['int', 'IDN', '=', 'INT10', ';', 'if', '(', 'IDN', '>', 'IDN', ')', '{', 'IDN', '=', 'IDN', '+', 'IDN', ';', 'for', '(', 'IDN', '=', 'INT10', ';', 'IDN', '<', 'IDN', ';', 'IDN', '=', 'IDN', '+', 'INT10', ')', '{', 'IDN', '=', 'IDN', '+', 'IDN', ';', '}', '}', '}', '#']",替代
50,"['#', 'funcs', '}', 'stmts', 'define_stmts', 'define_stmts', 'define_stmts', 'define_stmt']","['int', 'IDN', '=', 'INT10', ';', 'if', '(', 'IDN', '>', 'IDN', ')', '{', 'IDN', '=', 'IDN', '+', 'IDN', ';', 'for', '(', 'IDN', '=', 'INT10', ';', 'IDN', '<', 'IDN', ';', 'IDN', '=', 'IDN', '+', 'INT10', ')', '{', 'IDN', '=', 'IDN', '+', 'IDN', ';', '}', '}', '}', '#']",替代
51,"['#', 'funcs', '}', 'stmts', 'define_stmts', 'define_stmts', 'define_stmts', 'define_stmts', ';', 'vars', 'init', 'IDN', 'type']","['int', 'IDN', '=', 'INT10', ';', 'if', '(', 'IDN', '>', 'IDN', ')', '{', 'IDN', '=', 'IDN', '+', 'IDN', ';', 'for', '(', 'IDN', '=', 'INT10', ';', 'IDN', '<', 'IDN', ';', 'IDN', '=', 'IDN', '+', 'INT10', ')', '{', 'IDN', '=', 'IDN', '+', 'IDN', ';', '}', '}', '}', '#']",替代
52,"['#', 'funcs', '}', 'stmts', 'define_stmts', 'define_stmts', 'define_stmts', 'define_stmts', ';', 'vars', 'init', 'IDN', 'int']","['int', 'IDN', '=', 'INT10', ';', 'if', '(', 'IDN', '>', 'IDN', ')', '{', 'IDN', '=', 'IDN', '+', 'IDN', ';', 'for', '(', 'IDN', '=', 'INT10', ';', 'IDN', '<', 'IDN', ';', 'IDN', '=', 'IDN', '+', 'INT10', ')', '{', 'IDN', '=', 'IDN', '+', 'IDN', ';', '}', '}', '}', '#']",匹配成功 : int
53,"['#', 'funcs', '}', 'stmts', 'define_stmts', 'define_stmts', 'define_stmts', 'define_stmts', ';', 'vars', 'init', 'IDN']","['IDN', '=', 'INT10', ';', 'if', '(', 'IDN', '>', 'IDN', ')', '{', 'IDN', '=', 'IDN', '+', 'IDN', ';', 'for', '(', 'IDN', '=', 'INT10', ';', 'IDN', '<', 'IDN', ';', 'IDN', '=', 'IDN', '+', 'INT10', ')', '{', 'IDN', '=', 'IDN', '+', 'IDN', ';', '}', '}', '}', '#']",匹配成功 : IDN
54,"['#', 'funcs', '}', 'stmts', 'define_stmts', 'define_stmts', 'define_stmts', 'define_stmts', ';', 'vars', 'init']","['=', 'INT10', ';', 'if', '(', 'IDN', '>', 'IDN', ')', '{', 'IDN', '=', 'IDN', '+', 'IDN', ';', 'for', '(', 'IDN', '=', 'INT10', ';', 'IDN', '<', 'IDN', ';', 'IDN', '=', 'IDN', '+', 'INT10', ')', '{', 'IDN', '=', 'IDN', '+', 'IDN', ';', '}', '}', '}', '#']",替代
55,"['#', 'funcs', '}', 'stmts', 'define_stmts', 'define_stmts', 'define_stmts', 'define_stmts', ';', 'vars', 'expression', '=']","['=', 'INT10', ';', 'if', '(', 'IDN', '>', 'IDN', ')', '{', 'IDN', '=', 'IDN', '+', 'IDN', ';', 'for', '(', 'IDN', '=', 'INT10', ';', 'IDN', '<', 'IDN', ';', 'IDN', '=', 'IDN', '+', 'INT10', ')', '{', 'IDN', '=', 'IDN', '+', 'IDN', ';', '}', '}', '}', '#']",匹配成功 : =
56,"['#', 'funcs', '}', 'stmts', 'define_stmts', 'define_stmts', 'define_stmts', 'define_stmts', ';', 'vars', 'expression']","['INT10', ';', 'if', '(', 'IDN', '>', 'IDN', ')', '{', 'IDN', '=', 'IDN', '+', 'IDN', ';', 'for', '(', 'IDN', '=', 'INT10', ';', 'IDN', '<', 'IDN', ';', 'IDN', '=', 'IDN', '+', 'INT10', ')', '{', 'IDN', '=', 'IDN', '+', 'IDN', ';', '}', '}', '}', '#']",替代
57,"['#', 'funcs', '}', 'stmts', 'define_stmts', 'define_stmts', 'define_stmts', 'define_stmts', ';', 'vars', 'operation', 'value']","['INT10', ';', 'if', '(', 'IDN', '>', 'IDN', ')', '{', 'IDN', '=', 'IDN', '+', 'IDN', ';', 'for', '(', 'IDN', '=', 'INT10', ';', 'IDN', '<', 'IDN', ';', 'IDN', '=', 'IDN', '+', 'INT10', ')', '{', 'IDN', '=', 'IDN', '+', 'IDN', ';', '}', '}', '}', '#']",替代
58,"['#', 'funcs', '}', 'stmts', 'define_stmts', 'define_stmts', 'define_stmts', 'define_stmts', ';', 'vars', 'operation', 'value_', 'item']","['INT10', ';', 'if', '(', 'IDN', '>', 'IDN', ')', '{', 'IDN', '=', 'IDN', '+', 'IDN', ';', 'for', '(', 'IDN', '=', 'INT10', ';', 'IDN', '<', 'IDN', ';', 'IDN', '=', 'IDN', '+', 'INT10', ')', '{', 'IDN', '=', 'IDN', '+', 'IDN', ';', '}', '}', '}', '#']",替代
59,"['#', 'funcs', '}', 'stmts', 'define_stmts', 'define_stmts', 'define_stmts', 'define_stmts', ';', 'vars', 'operation', 'value_', 'item_', 'factor']","['INT10', ';', 'if', '(', 'IDN', '>', 'IDN', ')', '{', 'IDN', '=', 'IDN', '+', 'IDN', ';', 'for', '(', 'IDN', '=', 'INT10', ';', 'IDN', '<', 'IDN', ';', 'IDN', '=', 'IDN', '+', 'INT10', ')', '{', 'IDN', '=', 'IDN', '+', 'IDN', ';', '}', '}', '}', '#']",替代
60,"['#', 'funcs', '}', 'stmts', 'define_stmts', 'define_stmts', 'define_stmts', 'define_stmts', ';', 'vars', 'operation', 'value_', 'item_', 'const']","['INT10', ';', 'if', '(', 'IDN', '>', 'IDN', ')', '{', 'IDN', '=', 'IDN', '+', 'IDN', ';', 'for', '(', 'IDN', '=', 'INT10', ';', 'IDN', '<', 'IDN', ';', 'IDN', '=', 'IDN', '+', 'INT10', ')', '{', 'IDN', '=', 'IDN', '+', 'IDN', ';', '}', '}', '}', '#']",替代
61,"['#', 'funcs', '}', 'stmts', 'define_stmts', 'define_stmts', 'define_stmts', 'define_stmts', ';', 'vars', 'operation', 'value_', 'item_', 'num_const']","['INT10', ';', 'if', '(', 'IDN', '>', 'IDN', ')', '{', 'IDN', '=', 'IDN', '+', 'IDN', ';', 'for', '(', 'IDN', '=', 'INT10', ';', 'IDN', '<', 'IDN', ';', 'IDN', '=', 'IDN', '+', 'INT10', ')', '{', 'IDN', '=', 'IDN', '+', 'IDN', ';', '}', '}', '}', '#']",替代
62,"['#', 'funcs', '}', 'stmts', 'define_stmts', 'define_stmts', 'define_stmts', 'define_stmts', ';', 'vars', 'operation', 'value_', 'item_', 'INT10']","['INT10', ';', 'if', '(', 'IDN', '>', 'IDN', ')', '{', 'IDN', '=', 'IDN', '+', 'IDN', ';', 'for', '(', 'IDN', '=', 'INT10', ';', 'IDN', '<', 'IDN', ';', 'IDN', '=', 'IDN', '+', 'INT10', ')', '{', 'IDN', '=', 'IDN', '+', 'IDN', ';', '}', '}', '}', '#']",匹配成功 : INT10
63,"['#', 'funcs', '}', 'stmts', 'define_stmts', 'define_stmts', 'define_stmts', 'define_stmts', ';', 'vars', 'operation', 'value_', 'item_']","[';', 'if', '(', 'IDN', '>', 'IDN', ')', '{', 'IDN', '=', 'IDN', '+', 'IDN', ';', 'for', '(', 'IDN', '=', 'INT10', ';', 'IDN', '<', 'IDN', ';', 'IDN', '=', 'IDN', '+', 'INT10', ')', '{', 'IDN', '=', 'IDN', '+', 'IDN', ';', '}', '}', '}', '#']",可替代为空
64,"['#', 'funcs', '}', 'stmts', 'define_stmts', 'define_stmts', 'define_stmts', 'define_stmts', ';', 'vars', 'operation', 'value_']","[';', 'if', '(', 'IDN', '>', 'IDN', ')', '{', 'IDN', '=', 'IDN', '+', 'IDN', ';', 'for', '(', 'IDN', '=', 'INT10', ';', 'IDN', '<', 'IDN', ';', 'IDN', '=', 'IDN', '+', 'INT10', ')', '{', 'IDN', '=', 'IDN', '+', 'IDN', ';', '}', '}', '}', '#']",可替代为空
65,"['#', 'funcs', '}', 'stmts', 'define_stmts', 'define_stmts', 'define_stmts', 'define_stmts', ';', 'vars', 'operation']","[';', 'if', '(', 'IDN', '>', 'IDN', ')', '{', 'IDN', '=', 'IDN', '+', 'IDN', ';', 'for', '(', 'IDN', '=', 'INT10', ';', 'IDN', '<', 'IDN', ';', 'IDN', '=', 'IDN', '+', 'INT10', ')', '{', 'IDN', '=', 'IDN', '+', 'IDN', ';', '}', '}', '}', '#']",可替代为空
66,"['#', 'funcs', '}', 'stmts', 'define_stmts', 'define_stmts', 'define_stmts', 'define_stmts', ';', 'vars']","[';', 'if', '(', 'IDN', '>', 'IDN', ')', '{', 'IDN', '=', 'IDN', '+', 'IDN', ';', 'for', '(', 'IDN', '=', 'INT10', ';', 'IDN', '<', 'IDN', ';', 'IDN', '=', 'IDN', '+', 'INT10', ')', '{', 'IDN', '=', 'IDN', '+', 'IDN', ';', '}', '}', '}', '#']",可替代为空
67,"['#', 'funcs', '}', 'stmts', 'define_stmts', 'define_stmts', 'define_stmts', 'define_stmts', ';']","[';', 'if', '(', 'IDN', '>', 'IDN', ')', '{', 'IDN', '=', 'IDN', '+', 'IDN', ';', 'for', '(', 'IDN', '=', 'INT10', ';', 'IDN', '<', 'IDN', ';', 'IDN', '=', 'IDN', '+', 'INT10', ')', '{', 'IDN', '=', 'IDN', '+', 'IDN', ';', '}', '}', '}', '#']",匹配成功 : ;
68,"['#', 'funcs', '}', 'stmts', 'define_stmts', 'define_stmts', 'define_stmts', 'define_stmts']","['if', '(', 'IDN', '>', 'IDN', ')', '{', 'IDN', '=', 'IDN', '+', 'IDN', ';', 'for', '(', 'IDN', '=', 'INT10', ';', 'IDN', '<', 'IDN', ';', 'IDN', '=', 'IDN', '+', 'INT10', ')', '{', 'IDN', '=', 'IDN', '+', 'IDN', ';', '}', '}', '}', '#']",可替代为空
69,"['#', 'funcs', '}', 'stmts', 'define_stmts', 'define_stmts', 'define_stmts']","['if', '(', 'IDN', '>', 'IDN', ')', '{', 'IDN', '=', 'IDN', '+', 'IDN', ';', 'for', '(', 'IDN', '=', 'INT10', ';', 'IDN', '<', 'IDN', ';', 'IDN', '=', 'IDN', '+', 'INT10', ')', '{', 'IDN', '=', 'IDN', '+', 'IDN', ';', '}', '}', '}', '#']",可替代为空
70,"['#', 'funcs', '}', 'stmts', 'define_stmts', 'define_stmts']","['if', '(', 'IDN', '>', 'IDN', ')', '{', 'IDN', '=', 'IDN', '+', 'IDN', ';', 'for', '(', 'IDN', '=', 'INT10', ';', 'IDN', '<', 'IDN', ';', 'IDN', '=', 'IDN', '+', 'INT10', ')', '{', 'IDN', '=', 'IDN', '+', 'IDN', ';', '}', '}', '}', '#']",可替代为空
71,"['#', 'funcs', '}', 'stmts', 'define_stmts']","['if', '(', 'IDN', '>', 'IDN', ')', '{', 'IDN', '=', 'IDN', '+', 'IDN', ';', 'for', '(', 'IDN', '=', 'INT10', ';', 'IDN', '<', 'IDN', ';', 'IDN', '=', 'IDN', '+', 'INT10', ')', '{', 'IDN', '=', 'IDN', '+', 'IDN', ';', '}', '}', '}', '#']",可替代为空
72,"['#', 'funcs', '}', 'stmts']","['if', '(', 'IDN', '>', 'IDN', ')', '{', 'IDN', '=', 'IDN', '+', 'IDN', ';', 'for', '(', 'IDN', '=', 'INT10', ';', 'IDN', '<', 'IDN', ';', 'IDN', '=', 'IDN', '+', 'INT10', ')', '{', 'IDN', '=', 'IDN', '+', 'IDN', ';', '}', '}', '}', '#']",替代
73,"['#', 'funcs', '}', 'stmts', 'stmt']","['if', '(', 'IDN', '>', 'IDN', ')', '{', 'IDN', '=', 'IDN', '+', 'IDN', ';', 'for', '(', 'IDN', '=', 'INT10', ';', 'IDN', '<', 'IDN', ';', 'IDN', '=', 'IDN', '+', 'INT10', ')', '{', 'IDN', '=', 'IDN', '+', 'IDN', ';', '}', '}', '}', '#']",替代
74,"['#', 'funcs', '}', 'stmts', 'branch_stmt']","['if', '(', 'IDN', '>', 'IDN', ')', '{', 'IDN', '=', 'IDN', '+', 'IDN', ';', 'for', '(', 'IDN', '=', 'INT10', ';', 'IDN', '<', 'IDN', ';', 'IDN', '=', 'IDN', '+', 'INT10', ')', '{', 'IDN', '=', 'IDN', '+', 'IDN', ';', '}', '}', '}', '#']",替代
75,"['#', 'funcs', '}', 'stmts', 'result', 'block_stmt', ')', 'logical_expression', '(', 'if']","['if', '(', 'IDN', '>', 'IDN', ')', '{', 'IDN', '=', 'IDN', '+', 'IDN', ';', 'for', '(', 'IDN', '=', 'INT10', ';', 'IDN', '<', 'IDN', ';', 'IDN', '=', 'IDN', '+', 'INT10', ')', '{', 'IDN', '=', 'IDN', '+', 'IDN', ';', '}', '}', '}', '#']",匹配成功 : if
76,"['#', 'funcs', '}', 'stmts', 'result', 'block_stmt', ')', 'logical_expression', '(']","['(', 'IDN', '>', 'IDN', ')', '{', 'IDN', '=', 'IDN', '+', 'IDN', ';', 'for', '(', 'IDN', '=', 'INT10', ';', 'IDN', '<', 'IDN', ';', 'IDN', '=', 'IDN', '+', 'INT10', ')', '{', 'IDN', '=', 'IDN', '+', 'IDN', ';', '}', '}', '}', '#']",匹配成功 : (
77,"['#', 'funcs', '}', 'stmts', 'result', 'block_stmt', ')', 'logical_expression']","['IDN', '>', 'IDN', ')', '{', 'IDN', '=', 'IDN', '+', 'IDN', ';', 'for', '(', 'IDN', '=', 'INT10', ';', 'IDN', '<', 'IDN', ';', 'IDN', '=', 'IDN', '+', 'INT10', ')', '{', 'IDN', '=', 'IDN', '+', 'IDN', ';', '}', '}', '}', '#']",替代
78,"['#', 'funcs', '}', 'stmts', 'result', 'block_stmt', ')', 'bool_expression', 'expression']","['IDN', '>', 'IDN', ')', '{', 'IDN', '=', 'IDN', '+', 'IDN', ';', 'for', '(', 'IDN', '=', 'INT10', ';', 'IDN', '<', 'IDN', ';', 'IDN', '=', 'IDN', '+', 'INT10', ')', '{', 'IDN', '=', 'IDN', '+', 'IDN', ';', '}', '}', '}', '#']",替代
79,"['#', 'funcs', '}', 'stmts', 'result', 'block_stmt', ')', 'bool_expression', 'operation', 'value']","['IDN', '>', 'IDN', ')', '{', 'IDN', '=', 'IDN', '+', 'IDN', ';', 'for', '(', 'IDN', '=', 'INT10', ';', 'IDN', '<', 'IDN', ';', 'IDN', '=', 'IDN', '+', 'INT10', ')', '{', 'IDN', '=', 'IDN', '+', 'IDN', ';', '}', '}', '}', '#']",替代
80,"['#', 'funcs', '}', 'stmts', 'result', 'block_stmt', ')', 'bool_expression', 'operation', 'value_', 'item']","['IDN', '>', 'IDN', ')', '{', 'IDN', '=', 'IDN', '+', 'IDN', ';', 'for', '(', 'IDN', '=', 'INT10', ';', 'IDN', '<', 'IDN', ';', 'IDN', '=', 'IDN', '+', 'INT10', ')', '{', 'IDN', '=', 'IDN', '+', 'IDN', ';', '}', '}', '}', '#']",替代
81,"['#', 'funcs', '}', 'stmts', 'result', 'block_stmt', ')', 'bool_expression', 'operation', 'value_', 'item_', 'factor']","['IDN', '>', 'IDN', ')', '{', 'IDN', '=', 'IDN', '+', 'IDN', ';', 'for', '(', 'IDN', '=', 'INT10', ';', 'IDN', '<', 'IDN', ';', 'IDN', '=', 'IDN', '+', 'INT10', ')', '{', 'IDN', '=', 'IDN', '+', 'IDN', ';', '}', '}', '}', '#']",替代
82,"['#', 'funcs', '}', 'stmts', 'result', 'block_stmt', ')', 'bool_expression', 'operation', 'value_', 'item_', 'call_func', 'IDN']","['IDN', '>', 'IDN', ')', '{', 'IDN', '=', 'IDN', '+', 'IDN', ';', 'for', '(', 'IDN', '=', 'INT10', ';', 'IDN', '<', 'IDN', ';', 'IDN', '=', 'IDN', '+', 'INT10', ')', '{', 'IDN', '=', 'IDN', '+', 'IDN', ';', '}', '}', '}', '#']",匹配成功 : IDN
83,"['#', 'funcs', '}', 'stmts', 'result', 'block_stmt', ')', 'bool_expression', 'operation', 'value_', 'item_', 'call_func']","['>', 'IDN', ')', '{', 'IDN', '=', 'IDN', '+', 'IDN', ';', 'for', '(', 'IDN', '=', 'INT10', ';', 'IDN', '<', 'IDN', ';', 'IDN', '=', 'IDN', '+', 'INT10', ')', '{', 'IDN', '=', 'IDN', '+', 'IDN', ';', '}', '}', '}', '#']",可替代为空
84,"['#', 'funcs', '}', 'stmts', 'result', 'block_stmt', ')', 'bool_expression', 'operation', 'value_', 'item_']","['>', 'IDN', ')', '{', 'IDN', '=', 'IDN', '+', 'IDN', ';', 'for', '(', 'IDN', '=', 'INT10', ';', 'IDN', '<', 'IDN', ';', 'IDN', '=', 'IDN', '+', 'INT10', ')', '{', 'IDN', '=', 'IDN', '+', 'IDN', ';', '}', '}', '}', '#']",可替代为空
85,"['#', 'funcs', '}', 'stmts', 'result', 'block_stmt', ')', 'bool_expression', 'operation', 'value_']","['>', 'IDN', ')', '{', 'IDN', '=', 'IDN', '+', 'IDN', ';', 'for', '(', 'IDN', '=', 'INT10', ';', 'IDN', '<', 'IDN', ';', 'IDN', '=', 'IDN', '+', 'INT10', ')', '{', 'IDN', '=', 'IDN', '+', 'IDN', ';', '}', '}', '}', '#']",可替代为空
86,"['#', 'funcs', '}', 'stmts', 'result', 'block_stmt', ')', 'bool_expression', 'operation']","['>', 'IDN', ')', '{', 'IDN', '=', 'IDN', '+', 'IDN', ';', 'for', '(', 'IDN', '=', 'INT10', ';', 'IDN', '<', 'IDN', ';', 'IDN', '=', 'IDN', '+', 'INT10', ')', '{', 'IDN', '=', 'IDN', '+', 'IDN', ';', '}', '}', '}', '#']",替代
87,"['#', 'funcs', '}', 'stmts', 'result', 'block_stmt', ')', 'bool_expression', 'value', 'compare_op']","['>', 'IDN', ')', '{', 'IDN', '=', 'IDN', '+', 'IDN', ';', 'for', '(', 'IDN', '=', 'INT10', ';', 'IDN', '<', 'IDN', ';', 'IDN', '=', 'IDN', '+', 'INT10', ')', '{', 'IDN', '=', 'IDN', '+', 'IDN', ';', '}', '}', '}', '#']",替代
88,"['#', 'funcs', '}', 'stmts', 'result', 'block_stmt', ')', 'bool_expression', 'value', '>']","['>', 'IDN', ')', '{', 'IDN', '=', 'IDN', '+', 'IDN', ';', 'for', '(', 'IDN', '=', 'INT10', ';', 'IDN', '<', 'IDN', ';', 'IDN', '=', 'IDN', '+', 'INT10', ')', '{', 'IDN', '=', 'IDN', '+', 'IDN', ';', '}', '}', '}', '#']",匹配成功 : >
89,"['#', 'funcs', '}', 'stmts', 'result', 'block_stmt', ')', 'bool_expression', 'value']","['IDN', ')', '{', 'IDN', '=', 'IDN', '+', 'IDN', ';', 'for', '(', 'IDN', '=', 'INT10', ';', 'IDN', '<', 'IDN', ';', 'IDN', '=', 'IDN', '+', 'INT10', ')', '{', 'IDN', '=', 'IDN', '+', 'IDN', ';', '}', '}', '}', '#']",替代
90,"['#', 'funcs', '}', 'stmts', 'result', 'block_stmt', ')', 'bool_expression', 'value_', 'item']","['IDN', ')', '{', 'IDN', '=', 'IDN', '+', 'IDN', ';', 'for', '(', 'IDN', '=', 'INT10', ';', 'IDN', '<', 'IDN', ';', 'IDN', '=', 'IDN', '+', 'INT10', ')', '{', 'IDN', '=', 'IDN', '+', 'IDN', ';', '}', '}', '}', '#']",替代
91,"['#', 'funcs', '}', 'stmts', 'result', 'block_stmt', ')', 'bool_expression', 'value_', 'item_', 'factor']","['IDN', ')', '{', 'IDN', '=', 'IDN', '+', 'IDN', ';', 'for', '(', 'IDN', '=', 'INT10', ';', 'IDN', '<', 'IDN', ';', 'IDN', '=', 'IDN', '+', 'INT10', ')', '{', 'IDN', '=', 'IDN', '+', 'IDN', ';', '}', '}', '}', '#']",替代
92,"['#', 'funcs', '}', 'stmts', 'result', 'block_stmt', ')', 'bool_expression', 'value_', 'item_', 'call_func', 'IDN']","['IDN', ')', '{', 'IDN', '=', 'IDN', '+', 'IDN', ';', 'for', '(', 'IDN', '=', 'INT10', ';', 'IDN', '<', 'IDN', ';', 'IDN', '=', 'IDN', '+', 'INT10', ')', '{', 'IDN', '=', 'IDN', '+', 'IDN', ';', '}', '}', '}', '#']",匹配成功 : IDN
93,"['#', 'funcs', '}', 'stmts', 'result', 'block_stmt', ')', 'bool_expression', 'value_', 'item_', 'call_func']","[')', '{', 'IDN', '=', 'IDN', '+', 'IDN', ';', 'for', '(', 'IDN', '=', 'INT10', ';', 'IDN', '<', 'IDN', ';', 'IDN', '=', 'IDN', '+', 'INT10', ')', '{', 'IDN', '=', 'IDN', '+', 'IDN', ';', '}', '}', '}', '#']",可替代为空
94,"['#', 'funcs', '}', 'stmts', 'result', 'block_stmt', ')', 'bool_expression', 'value_', 'item_']","[')', '{', 'IDN', '=', 'IDN', '+', 'IDN', ';', 'for', '(', 'IDN', '=', 'INT10', ';', 'IDN', '<', 'IDN', ';', 'IDN', '=', 'IDN', '+', 'INT10', ')', '{', 'IDN', '=', 'IDN', '+', 'IDN', ';', '}', '}', '}', '#']",可替代为空
95,"['#', 'funcs', '}', 'stmts', 'result', 'block_stmt', ')', 'bool_expression', 'value_']","[')', '{', 'IDN', '=', 'IDN', '+', 'IDN', ';', 'for', '(', 'IDN', '=', 'INT10', ';', 'IDN', '<', 'IDN', ';', 'IDN', '=', 'IDN', '+', 'INT10', ')', '{', 'IDN', '=', 'IDN', '+', 'IDN', ';', '}', '}', '}', '#']",可替代为空
96,"['#', 'funcs', '}', 'stmts', 'result', 'block_stmt', ')', 'bool_expression']","[')', '{', 'IDN', '=', 'IDN', '+', 'IDN', ';', 'for', '(', 'IDN', '=', 'INT10', ';', 'IDN', '<', 'IDN', ';', 'IDN', '=', 'IDN', '+', 'INT10', ')', '{', 'IDN', '=', 'IDN', '+', 'IDN', ';', '}', '}', '}', '#']",可替代为空
97,"['#', 'funcs', '}', 'stmts', 'result', 'block_stmt', ')']","[')', '{', 'IDN', '=', 'IDN', '+', 'IDN', ';', 'for', '(', 'IDN', '=', 'INT10', ';', 'IDN', '<', 'IDN', ';', 'IDN', '=', 'IDN', '+', 'INT10', ')', '{', 'IDN', '=', 'IDN', '+', 'IDN', ';', '}', '}', '}', '#']",匹配成功 : )
98,"['#', 'funcs', '}', 'stmts', 'result', 'block_stmt']","['{', 'IDN', '=', 'IDN', '+', 'IDN', ';', 'for', '(', 'IDN', '=', 'INT10', ';', 'IDN', '<', 'IDN', ';', 'IDN', '=', 'IDN', '+', 'INT10', ')', '{', 'IDN', '=', 'IDN', '+', 'IDN', ';', '}', '}', '}', '#']",替代
99,"['#', 'funcs', '}', 'stmts', 'result', '}', 'stmts', '{']","['{', 'IDN', '=', 'IDN', '+', 'IDN', ';', 'for', '(', 'IDN', '=', 'INT10', ';', 'IDN', '<', 'IDN', ';', 'IDN', '=', 'IDN', '+', 'INT10', ')', '{', 'IDN', '=', 'IDN', '+', 'IDN', ';', '}', '}', '}', '#']",匹配成功 : {
100,"['#', 'funcs', '}', 'stmts', 'result', '}', 'stmts']","['IDN', '=', 'IDN', '+', 'IDN', ';', 'for', '(', 'IDN', '=', 'INT10', ';', 'IDN', '<', 'IDN', ';', 'IDN', '=', 'IDN', '+', 'INT10', ')', '{', 'IDN', '=', 'IDN', '+', 'IDN', ';', '}', '}', '}', '#']",替代
101,"['#', 'funcs', '}', 'stmts', 'result', '}', 'stmts', 'stmt']","['IDN', '=', 'IDN', '+', 'IDN', ';', 'for', '(', 'IDN', '=', 'INT10', ';', 'IDN', '<', 'IDN', ';', 'IDN', '=', 'IDN', '+', 'INT10', ')', '{', 'IDN', '=', 'IDN', '+', 'IDN', ';', '}', '}', '}', '#']",替代
102,"['#', 'funcs', '}', 'stmts', 'result', '}', 'stmts', 'assign_stmt']","['IDN', '=', 'IDN', '+', 'IDN', ';', 'for', '(', 'IDN', '=', 'INT10', ';', 'IDN', '<', 'IDN', ';', 'IDN', '=', 'IDN', '+', 'INT10', ')', '{', 'IDN', '=', 'IDN', '+', 'IDN', ';', '}', '}', '}', '#']",替代
103,"['#', 'funcs', '}', 'stmts', 'result', '}', 'stmts', ';', 'expression']","['IDN', '=', 'IDN', '+', 'IDN', ';', 'for', '(', 'IDN', '=', 'INT10', ';', 'IDN', '<', 'IDN', ';', 'IDN', '=', 'IDN', '+', 'INT10', ')', '{', 'IDN', '=', 'IDN', '+', 'IDN', ';', '}', '}', '}', '#']",替代
104,"['#', 'funcs', '}', 'stmts', 'result', '}', 'stmts', ';', 'operation', 'value']","['IDN', '=', 'IDN', '+', 'IDN', ';', 'for', '(', 'IDN', '=', 'INT10', ';', 'IDN', '<', 'IDN', ';', 'IDN', '=', 'IDN', '+', 'INT10', ')', '{', 'IDN', '=', 'IDN', '+', 'IDN', ';', '}', '}', '}', '#']",替代
105,"['#', 'funcs', '}', 'stmts', 'result', '}', 'stmts', ';', 'operation', 'value_', 'item']","['IDN', '=', 'IDN', '+', 'IDN', ';', 'for', '(', 'IDN', '=', 'INT10', ';', 'IDN', '<', 'IDN', ';', 'IDN', '=', 'IDN', '+', 'INT10', ')', '{', 'IDN', '=', 'IDN', '+', 'IDN', ';', '}', '}', '}', '#']",替代
106,"['#', 'funcs', '}', 'stmts', 'result', '}', 'stmts', ';', 'operation', 'value_', 'item_', 'factor']","['IDN', '=', 'IDN', '+', 'IDN', ';', 'for', '(', 'IDN', '=', 'INT10', ';', 'IDN', '<', 'IDN', ';', 'IDN', '=', 'IDN', '+', 'INT10', ')', '{', 'IDN', '=', 'IDN', '+', 'IDN', ';', '}', '}', '}', '#']",替代
107,"['#', 'funcs', '}', 'stmts', 'result', '}', 'stmts', ';', 'operation', 'value_', 'item_', 'call_func', 'IDN']","['IDN', '=', 'IDN', '+', 'IDN', ';', 'for', '(', 'IDN', '=', 'INT10', ';', 'IDN', '<', 'IDN', ';', 'IDN', '=', 'IDN', '+', 'INT10', ')', '{', 'IDN', '=', 'IDN', '+', 'IDN', ';', '}', '}', '}', '#']",匹配成功 : IDN
108,"['#', 'funcs', '}', 'stmts', 'result', '}', 'stmts', ';', 'operation', 'value_', 'item_', 'call_func']","['=', 'IDN', '+', 'IDN', ';', 'for', '(', 'IDN', '=', 'INT10', ';', 'IDN', '<', 'IDN', ';', 'IDN', '=', 'IDN', '+', 'INT10', ')', '{', 'IDN', '=', 'IDN', '+', 'IDN', ';', '}', '}', '}', '#']",可替代为空
109,"['#', 'funcs', '}', 'stmts', 'result', '}', 'stmts', ';', 'operation', 'value_', 'item_']","['=', 'IDN', '+', 'IDN', ';', 'for', '(', 'IDN', '=', 'INT10', ';', 'IDN', '<', 'IDN', ';', 'IDN', '=', 'IDN', '+', 'INT10', ')', '{', 'IDN', '=', 'IDN', '+', 'IDN', ';', '}', '}', '}', '#']",可替代为空
110,"['#', 'funcs', '}', 'stmts', 'result', '}', 'stmts', ';', 'operation', 'value_']","['=', 'IDN', '+', 'IDN', ';', 'for', '(', 'IDN', '=', 'INT10', ';', 'IDN', '<', 'IDN', ';', 'IDN', '=', 'IDN', '+', 'INT10', ')', '{', 'IDN', '=', 'IDN', '+', 'IDN', ';', '}', '}', '}', '#']",可替代为空
111,"['#', 'funcs', '}', 'stmts', 'result', '}', 'stmts', ';', 'operation']","['=', 'IDN', '+', 'IDN', ';', 'for', '(', 'IDN', '=', 'INT10', ';', 'IDN', '<', 'IDN', ';', 'IDN', '=', 'IDN', '+', 'INT10', ')', '{', 'IDN', '=', 'IDN', '+', 'IDN', ';', '}', '}', '}', '#']",替代
112,"['#', 'funcs', '}', 'stmts', 'result', '}', 'stmts', ';', 'value', 'equal_op']","['=', 'IDN', '+', 'IDN', ';', 'for', '(', 'IDN', '=', 'INT10', ';', 'IDN', '<', 'IDN', ';', 'IDN', '=', 'IDN', '+', 'INT10', ')', '{', 'IDN', '=', 'IDN', '+', 'IDN', ';', '}', '}', '}', '#']",替代
113,"['#', 'funcs', '}', 'stmts', 'result', '}', 'stmts', ';', 'value', '=']","['=', 'IDN', '+', 'IDN', ';', 'for', '(', 'IDN', '=', 'INT10', ';', 'IDN', '<', 'IDN', ';', 'IDN', '=', 'IDN', '+', 'INT10', ')', '{', 'IDN', '=', 'IDN', '+', 'IDN', ';', '}', '}', '}', '#']",匹配成功 : =
114,"['#', 'funcs', '}', 'stmts', 'result', '}', 'stmts', ';', 'value']","['IDN', '+', 'IDN', ';', 'for', '(', 'IDN', '=', 'INT10', ';', 'IDN', '<', 'IDN', ';', 'IDN', '=', 'IDN', '+', 'INT10', ')', '{', 'IDN', '=', 'IDN', '+', 'IDN', ';', '}', '}', '}', '#']",替代
115,"['#', 'funcs', '}', 'stmts', 'result', '}', 'stmts', ';', 'value_', 'item']","['IDN', '+', 'IDN', ';', 'for', '(', 'IDN', '=', 'INT10', ';', 'IDN', '<', 'IDN', ';', 'IDN', '=', 'IDN', '+', 'INT10', ')', '{', 'IDN', '=', 'IDN', '+', 'IDN', ';', '}', '}', '}', '#']",替代
116,"['#', 'funcs', '}', 'stmts', 'result', '}', 'stmts', ';', 'value_', 'item_', 'factor']","['IDN', '+', 'IDN', ';', 'for', '(', 'IDN', '=', 'INT10', ';', 'IDN', '<', 'IDN', ';', 'IDN', '=', 'IDN', '+', 'INT10', ')', '{', 'IDN', '=', 'IDN', '+', 'IDN', ';', '}', '}', '}', '#']",替代
117,"['#', 'funcs', '}', 'stmts', 'result', '}', 'stmts', ';', 'value_', 'item_', 'call_func', 'IDN']","['IDN', '+', 'IDN', ';', 'for', '(', 'IDN', '=', 'INT10', ';', 'IDN', '<', 'IDN', ';', 'IDN', '=', 'IDN', '+', 'INT10', ')', '{', 'IDN', '=', 'IDN', '+', 'IDN', ';', '}', '}', '}', '#']",匹配成功 : IDN
118,"['#', 'funcs', '}', 'stmts', 'result', '}', 'stmts', ';', 'value_', 'item_', 'call_func']","['+', 'IDN', ';', 'for', '(', 'IDN', '=', 'INT10', ';', 'IDN', '<', 'IDN', ';', 'IDN', '=', 'IDN', '+', 'INT10', ')', '{', 'IDN', '=', 'IDN', '+', 'IDN', ';', '}', '}', '}', '#']",可替代为空
119,"['#', 'funcs', '}', 'stmts', 'result', '}', 'stmts', ';', 'value_', 'item_']","['+', 'IDN', ';', 'for', '(', 'IDN', '=', 'INT10', ';', 'IDN', '<', 'IDN', ';', 'IDN', '=', 'IDN', '+', 'INT10', ')', '{', 'IDN', '=', 'IDN', '+', 'IDN', ';', '}', '}', '}', '#']",可替代为空
120,"['#', 'funcs', '}', 'stmts', 'result', '}', 'stmts', ';', 'value_']","['+', 'IDN', ';', 'for', '(', 'IDN', '=', 'INT10', ';', 'IDN', '<', 'IDN', ';', 'IDN', '=', 'IDN', '+', 'INT10', ')', '{', 'IDN', '=', 'IDN', '+', 'IDN', ';', '}', '}', '}', '#']",替代
121,"['#', 'funcs', '}', 'stmts', 'result', '}', 'stmts', ';', 'value_', 'item', '+']","['+', 'IDN', ';', 'for', '(', 'IDN', '=', 'INT10', ';', 'IDN', '<', 'IDN', ';', 'IDN', '=', 'IDN', '+', 'INT10', ')', '{', 'IDN', '=', 'IDN', '+', 'IDN', ';', '}', '}', '}', '#']",匹配成功 : +
122,"['#', 'funcs', '}', 'stmts', 'result', '}', 'stmts', ';', 'value_', 'item']","['IDN', ';', 'for', '(', 'IDN', '=', 'INT10', ';', 'IDN', '<', 'IDN', ';', 'IDN', '=', 'IDN', '+', 'INT10', ')', '{', 'IDN', '=', 'IDN', '+', 'IDN', ';', '}', '}', '}', '#']",替代
123,"['#', 'funcs', '}', 'stmts', 'result', '}', 'stmts', ';', 'value_', 'item_', 'factor']","['IDN', ';', 'for', '(', 'IDN', '=', 'INT10', ';', 'IDN', '<', 'IDN', ';', 'IDN', '=', 'IDN', '+', 'INT10', ')', '{', 'IDN', '=', 'IDN', '+', 'IDN', ';', '}', '}', '}', '#']",替代
124,"['#', 'funcs', '}', 'stmts', 'result', '}', 'stmts', ';', 'value_', 'item_', 'call_func', 'IDN']","['IDN', ';', 'for', '(', 'IDN', '=', 'INT10', ';', 'IDN', '<', 'IDN', ';', 'IDN', '=', 'IDN', '+', 'INT10', ')', '{', 'IDN', '=', 'IDN', '+', 'IDN', ';', '}', '}', '}', '#']",匹配成功 : IDN
125,"['#', 'funcs', '}', 'stmts', 'result', '}', 'stmts', ';', 'value_', 'item_', 'call_func']","[';', 'for', '(', 'IDN', '=', 'INT10', ';', 'IDN', '<', 'IDN', ';', 'IDN', '=', 'IDN', '+', 'INT10', ')', '{', 'IDN', '=', 'IDN', '+', 'IDN', ';', '}', '}', '}', '#']",可替代为空
126,"['#', 'funcs', '}', 'stmts', 'result', '}', 'stmts', ';', 'value_', 'item_']","[';', 'for', '(', 'IDN', '=', 'INT10', ';', 'IDN', '<', 'IDN', ';', 'IDN', '=', 'IDN', '+', 'INT10', ')', '{', 'IDN', '=', 'IDN', '+', 'IDN', ';', '}', '}', '}', '#']",可替代为空
127,"['#', 'funcs', '}', 'stmts', 'result', '}', 'stmts', ';', 'value_']","[';', 'for', '(', 'IDN', '=', 'INT10', ';', 'IDN', '<', 'IDN', ';', 'IDN', '=', 'IDN', '+', 'INT10', ')', '{', 'IDN', '=', 'IDN', '+', 'IDN', ';', '}', '}', '}', '#']",可替代为空
128,"['#', 'funcs', '}', 'stmts', 'result', '}', 'stmts', ';']","[';', 'for', '(', 'IDN', '=', 'INT10', ';', 'IDN', '<', 'IDN', ';', 'IDN', '=', 'IDN', '+', 'INT10', ')', '{', 'IDN', '=', 'IDN', '+', 'IDN', ';', '}', '}', '}', '#']",匹配成功 : ;
129,"['#', 'funcs', '}', 'stmts', 'result', '}', 'stmts']","['for', '(', 'IDN', '=', 'INT10', ';', 'IDN', '<', 'IDN', ';', 'IDN', '=', 'IDN', '+', 'INT10', ')', '{', 'IDN', '=', 'IDN', '+', 'IDN', ';', '}', '}', '}', '#']",替代
130,"['#', 'funcs', '}', 'stmts', 'result', '}', 'stmts', 'stmt']","['for', '(', 'IDN', '=', 'INT10', ';', 'IDN', '<', 'IDN', ';', 'IDN', '=', 'IDN', '+', 'INT10', ')', '{', 'IDN', '=', 'IDN', '+', 'IDN', ';', '}', '}', '}', '#']",替代
131,"['#', 'funcs', '}', 'stmts', 'result', '}', 'stmts', 'iteration_stmt']","['for', '(', 'IDN', '=', 'INT10', ';', 'IDN', '<', 'IDN', ';', 'IDN', '=', 'IDN', '+', 'INT10', ')', '{', 'IDN', '=', 'IDN', '+', 'IDN', ';', '}', '}', '}', '#']",替代
132,"['#', 'funcs', '}', 'stmts', 'result', '}', 'stmts', 'block_stmt', ')', 'isnull_expr3', ';', 'isnull_expr2', 'isnull_expr1', '(', 'for']","['for', '(', 'IDN', '=', 'INT10', ';', 'IDN', '<', 'IDN', ';', 'IDN', '=', 'IDN', '+', 'INT10', ')', '{', 'IDN', '=', 'IDN', '+', 'IDN', ';', '}', '}', '}', '#']",匹配成功 : for
133,"['#', 'funcs', '}', 'stmts', 'result', '}', 'stmts', 'block_stmt', ')', 'isnull_expr3', ';', 'isnull_expr2', 'isnull_expr1', '(']","['(', 'IDN', '=', 'INT10', ';', 'IDN', '<', 'IDN', ';', 'IDN', '=', 'IDN', '+', 'INT10', ')', '{', 'IDN', '=', 'IDN', '+', 'IDN', ';', '}', '}', '}', '#']",匹配成功 : (
134,"['#', 'funcs', '}', 'stmts', 'result', '}', 'stmts', 'block_stmt', ')', 'isnull_expr3', ';', 'isnull_expr2', 'isnull_expr1']","['IDN', '=', 'INT10', ';', 'IDN', '<', 'IDN', ';', 'IDN', '=', 'IDN', '+', 'INT10', ')', '{', 'IDN', '=', 'IDN', '+', 'IDN', ';', '}', '}', '}', '#']",替代
135,"['#', 'funcs', '}', 'stmts', 'result', '}', 'stmts', 'block_stmt', ')', 'isnull_expr3', ';', 'isnull_expr2', ';', 'value', '=', 'IDN']","['IDN', '=', 'INT10', ';', 'IDN', '<', 'IDN', ';', 'IDN', '=', 'IDN', '+', 'INT10', ')', '{', 'IDN', '=', 'IDN', '+', 'IDN', ';', '}', '}', '}', '#']",匹配成功 : IDN
136,"['#', 'funcs', '}', 'stmts', 'result', '}', 'stmts', 'block_stmt', ')', 'isnull_expr3', ';', 'isnull_expr2', ';', 'value', '=']","['=', 'INT10', ';', 'IDN', '<', 'IDN', ';', 'IDN', '=', 'IDN', '+', 'INT10', ')', '{', 'IDN', '=', 'IDN', '+', 'IDN', ';', '}', '}', '}', '#']",匹配成功 : =
137,"['#', 'funcs', '}', 'stmts', 'result', '}', 'stmts', 'block_stmt', ')', 'isnull_expr3', ';', 'isnull_expr2', ';', 'value']","['INT10', ';', 'IDN', '<', 'IDN', ';', 'IDN', '=', 'IDN', '+', 'INT10', ')', '{', 'IDN', '=', 'IDN', '+', 'IDN', ';', '}', '}', '}', '#']",替代
138,"['#', 'funcs', '}', 'stmts', 'result', '}', 'stmts', 'block_stmt', ')', 'isnull_expr3', ';', 'isnull_expr2', ';', 'value_', 'item']","['INT10', ';', 'IDN', '<', 'IDN', ';', 'IDN', '=', 'IDN', '+', 'INT10', ')', '{', 'IDN', '=', 'IDN', '+', 'IDN', ';', '}', '}', '}', '#']",替代
139,"['#', 'funcs', '}', 'stmts', 'result', '}', 'stmts', 'block_stmt', ')', 'isnull_expr3', ';', 'isnull_expr2', ';', 'value_', 'item_', 'factor']","['INT10', ';', 'IDN', '<', 'IDN', ';', 'IDN', '=', 'IDN', '+', 'INT10', ')', '{', 'IDN', '=', 'IDN', '+', 'IDN', ';', '}', '}', '}', '#']",替代
140,"['#', 'funcs', '}', 'stmts', 'result', '}', 'stmts', 'block_stmt', ')', 'isnull_expr3', ';', 'isnull_expr2', ';', 'value_', 'item_', 'const']","['INT10', ';', 'IDN', '<', 'IDN', ';', 'IDN', '=', 'IDN', '+', 'INT10', ')', '{', 'IDN', '=', 'IDN', '+', 'IDN', ';', '}', '}', '}', '#']",替代
141,"['#', 'funcs', '}', 'stmts', 'result', '}', 'stmts', 'block_stmt', ')', 'isnull_expr3', ';', 'isnull_expr2', ';', 'value_', 'item_', 'num_const']","['INT10', ';', 'IDN', '<', 'IDN', ';', 'IDN', '=', 'IDN', '+', 'INT10', ')', '{', 'IDN', '=', 'IDN', '+', 'IDN', ';', '}', '}', '}', '#']",替代
142,"['#', 'funcs', '}', 'stmts', 'result', '}', 'stmts', 'block_stmt', ')', 'isnull_expr3', ';', 'isnull_expr2', ';', 'value_', 'item_', 'INT10']","['INT10', ';', 'IDN', '<', 'IDN', ';', 'IDN', '=', 'IDN', '+', 'INT10', ')', '{', 'IDN', '=', 'IDN', '+', 'IDN', ';', '}', '}', '}', '#']",匹配成功 : INT10
143,"['#', 'funcs', '}', 'stmts', 'result', '}', 'stmts', 'block_stmt', ')', 'isnull_expr3', ';', 'isnull_expr2', ';', 'value_', 'item_']","[';', 'IDN', '<', 'IDN', ';', 'IDN', '=', 'IDN', '+', 'INT10', ')', '{', 'IDN', '=', 'IDN', '+', 'IDN', ';', '}', '}', '}', '#']",可替代为空
144,"['#', 'funcs', '}', 'stmts', 'result', '}', 'stmts', 'block_stmt', ')', 'isnull_expr3', ';', 'isnull_expr2', ';', 'value_']","[';', 'IDN', '<', 'IDN', ';', 'IDN', '=', 'IDN', '+', 'INT10', ')', '{', 'IDN', '=', 'IDN', '+', 'IDN', ';', '}', '}', '}', '#']",可替代为空
145,"['#', 'funcs', '}', 'stmts', 'result', '}', 'stmts', 'block_stmt', ')', 'isnull_expr3', ';', 'isnull_expr2', ';']","[';', 'IDN', '<', 'IDN', ';', 'IDN', '=', 'IDN', '+', 'INT10', ')', '{', 'IDN', '=', 'IDN', '+', 'IDN', ';', '}', '}', '}', '#']",匹配成功 : ;
146,"['#', 'funcs', '}', 'stmts', 'result', '}', 'stmts', 'block_stmt', ')', 'isnull_expr3', ';', 'isnull_expr2']","['IDN', '<', 'IDN', ';', 'IDN', '=', 'IDN', '+', 'INT10', ')', '{', 'IDN', '=', 'IDN', '+', 'IDN', ';', '}', '}', '}', '#']",替代
147,"['#', 'funcs', '}', 'stmts', 'result', '}', 'stmts', 'block_stmt', ')', 'isnull_expr3', ';', 'logical_expression']","['IDN', '<', 'IDN', ';', 'IDN', '=', 'IDN', '+', 'INT10', ')', '{', 'IDN', '=', 'IDN', '+', 'IDN', ';', '}', '}', '}', '#']",替代
148,"['#', 'funcs', '}', 'stmts', 'result', '}', 'stmts', 'block_stmt', ')', 'isnull_expr3', ';', 'bool_expression', 'expression']","['IDN', '<', 'IDN', ';', 'IDN', '=', 'IDN', '+', 'INT10', ')', '{', 'IDN', '=', 'IDN', '+', 'IDN', ';', '}', '}', '}', '#']",替代
149,"['#', 'funcs', '}', 'stmts', 'result', '}', 'stmts', 'block_stmt', ')', 'isnull_expr3', ';', 'bool_expression', 'operation', 'value']","['IDN', '<', 'IDN', ';', 'IDN', '=', 'IDN', '+', 'INT10', ')', '{', 'IDN', '=', 'IDN', '+', 'IDN', ';', '}', '}', '}', '#']",替代
150,"['#', 'funcs', '}', 'stmts', 'result', '}', 'stmts', 'block_stmt', ')', 'isnull_expr3', ';', 'bool_expression', 'operation', 'value_', 'item']","['IDN', '<', 'IDN', ';', 'IDN', '=', 'IDN', '+', 'INT10', ')', '{', 'IDN', '=', 'IDN', '+', 'IDN', ';', '}', '}', '}', '#']",替代
151,"['#', 'funcs', '}', 'stmts', 'result', '}', 'stmts', 'block_stmt', ')', 'isnull_expr3', ';', 'bool_expression', 'operation', 'value_', 'item_', 'factor']","['IDN', '<', 'IDN', ';', 'IDN', '=', 'IDN', '+', 'INT10', ')', '{', 'IDN', '=', 'IDN', '+', 'IDN', ';', '}', '}', '}', '#']",替代
152,"['#', 'funcs', '}', 'stmts', 'result', '}', 'stmts', 'block_stmt', ')', 'isnull_expr3', ';', 'bool_expression', 'operation', 'value_', 'item_', 'call_func', 'IDN']","['IDN', '<', 'IDN', ';', 'IDN', '=', 'IDN', '+', 'INT10', ')', '{', 'IDN', '=', 'IDN', '+', 'IDN', ';', '}', '}', '}', '#']",匹配成功 : IDN
153,"['#', 'funcs', '}', 'stmts', 'result', '}', 'stmts', 'block_stmt', ')', 'isnull_expr3', ';', 'bool_expression', 'operation', 'value_', 'item_', 'call_func']","['<', 'IDN', ';', 'IDN', '=', 'IDN', '+', 'INT10', ')', '{', 'IDN', '=', 'IDN', '+', 'IDN', ';', '}', '}', '}', '#']",可替代为空
154,"['#', 'funcs', '}', 'stmts', 'result', '}', 'stmts', 'block_stmt', ')', 'isnull_expr3', ';', 'bool_expression', 'operation', 'value_', 'item_']","['<', 'IDN', ';', 'IDN', '=', 'IDN', '+', 'INT10', ')', '{', 'IDN', '=', 'IDN', '+', 'IDN', ';', '}', '}', '}', '#']",可替代为空
155,"['#', 'funcs', '}', 'stmts', 'result', '}', 'stmts', 'block_stmt', ')', 'isnull_expr3', ';', 'bool_expression', 'operation', 'value_']","['<', 'IDN', ';', 'IDN', '=', 'IDN', '+', 'INT10', ')', '{', 'IDN', '=', 'IDN', '+', 'IDN', ';', '}', '}', '}', '#']",可替代为空
156,"['#', 'funcs', '}', 'stmts', 'result', '}', 'stmts', 'block_stmt', ')', 'isnull_expr3', ';', 'bool_expression', 'operation']","['<', 'IDN', ';', 'IDN', '=', 'IDN', '+', 'INT10', ')', '{', 'IDN', '=', 'IDN', '+', 'IDN', ';', '}', '}', '}', '#']",替代
157,"['#', 'funcs', '}', 'stmts', 'result', '}', 'stmts', 'block_stmt', ')', 'isnull_expr3', ';', 'bool_expression', 'value', 'compare_op']","['<', 'IDN', ';', 'IDN', '=', 'IDN', '+', 'INT10', ')', '{', 'IDN', '=', 'IDN', '+', 'IDN', ';', '}', '}', '}', '#']",替代
158,"['#', 'funcs', '}', 'stmts', 'result', '}', 'stmts', 'block_stmt', ')', 'isnull_expr3', ';', 'bool_expression', 'value', '<']","['<', 'IDN', ';', 'IDN', '=', 'IDN', '+', 'INT10', ')', '{', 'IDN', '=', 'IDN', '+', 'IDN', ';', '}', '}', '}', '#']",匹配成功 : <
159,"['#', 'funcs', '}', 'stmts', 'result', '}', 'stmts', 'block_stmt', ')', 'isnull_expr3', ';', 'bool_expression', 'value']","['IDN', ';', 'IDN', '=', 'IDN', '+', 'INT10', ')', '{', 'IDN', '=', 'IDN', '+', 'IDN', ';', '}', '}', '}', '#']",替代
160,"['#', 'funcs', '}', 'stmts', 'result', '}', 'stmts', 'block_stmt', ')', 'isnull_expr3', ';', 'bool_expression', 'value_', 'item']","['IDN', ';', 'IDN', '=', 'IDN', '+', 'INT10', ')', '{', 'IDN', '=', 'IDN', '+', 'IDN', ';', '}', '}', '}', '#']",替代
161,"['#', 'funcs', '}', 'stmts', 'result', '}', 'stmts', 'block_stmt', ')', 'isnull_expr3', ';', 'bool_expression', 'value_', 'item_', 'factor']","['IDN', ';', 'IDN', '=', 'IDN', '+', 'INT10', ')', '{', 'IDN', '=', 'IDN', '+', 'IDN', ';', '}', '}', '}', '#']",替代
162,"['#', 'funcs', '}', 'stmts', 'result', '}', 'stmts', 'block_stmt', ')', 'isnull_expr3', ';', 'bool_expression', 'value_', 'item_', 'call_func', 'IDN']","['IDN', ';', 'IDN', '=', 'IDN', '+', 'INT10', ')', '{', 'IDN', '=', 'IDN', '+', 'IDN', ';', '}', '}', '}', '#']",匹配成功 : IDN
163,"['#', 'funcs', '}', 'stmts', 'result', '}', 'stmts', 'block_stmt', ')', 'isnull_expr3', ';', 'bool_expression', 'value_', 'item_', 'call_func']","[';', 'IDN', '=', 'IDN', '+', 'INT10', ')', '{', 'IDN', '=', 'IDN', '+', 'IDN', ';', '}', '}', '}', '#']",可替代为空
164,"['#', 'funcs', '}', 'stmts', 'result', '}', 'stmts', 'block_stmt', ')', 'isnull_expr3', ';', 'bool_expression', 'value_', 'item_']","[';', 'IDN', '=', 'IDN', '+', 'INT10', ')', '{', 'IDN', '=', 'IDN', '+', 'IDN', ';', '}', '}', '}', '#']",可替代为空
165,"['#', 'funcs', '}', 'stmts', 'result', '}', 'stmts', 'block_stmt', ')', 'isnull_expr3', ';', 'bool_expression', 'value_']","[';', 'IDN', '=', 'IDN', '+', 'INT10', ')', '{', 'IDN', '=', 'IDN', '+', 'IDN', ';', '}', '}', '}', '#']",可替代为空
166,"['#', 'funcs', '}', 'stmts', 'result', '}', 'stmts', 'block_stmt', ')', 'isnull_expr3', ';', 'bool_expression']","[';', 'IDN', '=', 'IDN', '+', 'INT10', ')', '{', 'IDN', '=', 'IDN', '+', 'IDN', ';', '}', '}', '}', '#']",可替代为空
167,"['#', 'funcs', '}', 'stmts', 'result', '}', 'stmts', 'block_stmt', ')', 'isnull_expr3', ';']","[';', 'IDN', '=', 'IDN', '+', 'INT10', ')', '{', 'IDN', '=', 'IDN', '+', 'IDN', ';', '}', '}', '}', '#']",匹配成功 : ;
168,"['#', 'funcs', '}', 'stmts', 'result', '}', 'stmts', 'block_stmt', ')', 'isnull_expr3']","['IDN', '=', 'IDN', '+', 'INT10', ')', '{', 'IDN', '=', 'IDN', '+', 'IDN', ';', '}', '}', '}', '#']",替代
169,"['#', 'funcs', '}', 'stmts', 'result', '}', 'stmts', 'block_stmt', ')', 'cop', 'IDN']","['IDN', '=', 'IDN', '+', 'INT10', ')', '{', 'IDN', '=', 'IDN', '+', 'IDN', ';', '}', '}', '}', '#']",匹配成功 : IDN
170,"['#', 'funcs', '}', 'stmts', 'result', '}', 'stmts', 'block_stmt', ')', 'cop']","['=', 'IDN', '+', 'INT10', ')', '{', 'IDN', '=', 'IDN', '+', 'IDN', ';', '}', '}', '}', '#']",替代
171,"['#', 'funcs', '}', 'stmts', 'result', '}', 'stmts', 'block_stmt', ')', 'value', 'equal_op']","['=', 'IDN', '+', 'INT10', ')', '{', 'IDN', '=', 'IDN', '+', 'IDN', ';', '}', '}', '}', '#']",替代
172,"['#', 'funcs', '}', 'stmts', 'result', '}', 'stmts', 'block_stmt', ')', 'value', '=']","['=', 'IDN', '+', 'INT10', ')', '{', 'IDN', '=', 'IDN', '+', 'IDN', ';', '}', '}', '}', '#']",匹配成功 : =
173,"['#', 'funcs', '}', 'stmts', 'result', '}', 'stmts', 'block_stmt', ')', 'value']","['IDN', '+', 'INT10', ')', '{', 'IDN', '=', 'IDN', '+', 'IDN', ';', '}', '}', '}', '#']",替代
174,"['#', 'funcs', '}', 'stmts', 'result', '}', 'stmts', 'block_stmt', ')', 'value_', 'item']","['IDN', '+', 'INT10', ')', '{', 'IDN', '=', 'IDN', '+', 'IDN', ';', '}', '}', '}', '#']",替代
175,"['#', 'funcs', '}', 'stmts', 'result', '}', 'stmts', 'block_stmt', ')', 'value_', 'item_', 'factor']","['IDN', '+', 'INT10', ')', '{', 'IDN', '=', 'IDN', '+', 'IDN', ';', '}', '}', '}', '#']",替代
176,"['#', 'funcs', '}', 'stmts', 'result', '}', 'stmts', 'block_stmt', ')', 'value_', 'item_', 'call_func', 'IDN']","['IDN', '+', 'INT10', ')', '{', 'IDN', '=', 'IDN', '+', 'IDN', ';', '}', '}', '}', '#']",匹配成功 : IDN
177,"['#', 'funcs', '}', 'stmts', 'result', '}', 'stmts', 'block_stmt', ')', 'value_', 'item_', 'call_func']","['+', 'INT10', ')', '{', 'IDN', '=', 'IDN', '+', 'IDN', ';', '}', '}', '}', '#']",可替代为空
178,"['#', 'funcs', '}', 'stmts', 'result', '}', 'stmts', 'block_stmt', ')', 'value_', 'item_']","['+', 'INT10', ')', '{', 'IDN', '=', 'IDN', '+', 'IDN', ';', '}', '}', '}', '#']",可替代为空
179,"['#', 'funcs', '}', 'stmts', 'result', '}', 'stmts', 'block_stmt', ')', 'value_']","['+', 'INT10', ')', '{', 'IDN', '=', 'IDN', '+', 'IDN', ';', '}', '}', '}', '#']",替代
180,"['#', 'funcs', '}', 'stmts', 'result', '}', 'stmts', 'block_stmt', ')', 'value_', 'item', '+']","['+', 'INT10', ')', '{', 'IDN', '=', 'IDN', '+', 'IDN', ';', '}', '}', '}', '#']",匹配成功 : +
181,"['#', 'funcs', '}', 'stmts', 'result', '}', 'stmts', 'block_stmt', ')', 'value_', 'item']","['INT10', ')', '{', 'IDN', '=', 'IDN', '+', 'IDN', ';', '}', '}', '}', '#']",替代
182,"['#', 'funcs', '}', 'stmts', 'result', '}', 'stmts', 'block_stmt', ')', 'value_', 'item_', 'factor']","['INT10', ')', '{', 'IDN', '=', 'IDN', '+', 'IDN', ';', '}', '}', '}', '#']",替代
183,"['#', 'funcs', '}', 'stmts', 'result', '}', 'stmts', 'block_stmt', ')', 'value_', 'item_', 'const']","['INT10', ')', '{', 'IDN', '=', 'IDN', '+', 'IDN', ';', '}', '}', '}', '#']",替代
184,"['#', 'funcs', '}', 'stmts', 'result', '}', 'stmts', 'block_stmt', ')', 'value_', 'item_', 'num_const']","['INT10', ')', '{', 'IDN', '=', 'IDN', '+', 'IDN', ';', '}', '}', '}', '#']",替代
185,"['#', 'funcs', '}', 'stmts', 'result', '}', 'stmts', 'block_stmt', ')', 'value_', 'item_', 'INT10']","['INT10', ')', '{', 'IDN', '=', 'IDN', '+', 'IDN', ';', '}', '}', '}', '#']",匹配成功 : INT10
186,"['#', 'funcs', '}', 'stmts', 'result', '}', 'stmts', 'block_stmt', ')', 'value_', 'item_']","[')', '{', 'IDN', '=', 'IDN', '+', 'IDN', ';', '}', '}', '}', '#']",可替代为空
187,"['#', 'funcs', '}', 'stmts', 'result', '}', 'stmts', 'block_stmt', ')', 'value_']","[')', '{', 'IDN', '=', 'IDN', '+', 'IDN', ';', '}', '}', '}', '#']",可替代为空
188,"['#', 'funcs', '}', 'stmts', 'result', '}', 'stmts', 'block_stmt', ')']","[')', '{', 'IDN', '=', 'IDN', '+', 'IDN', ';', '}', '}', '}', '#']",匹配成功 : )
189,"['#', 'funcs', '}', 'stmts', 'result', '}', 'stmts', 'block_stmt']","['{', 'IDN', '=', 'IDN', '+', 'IDN', ';', '}', '}', '}', '#']",替代
190,"['#', 'funcs', '}', 'stmts', 'result', '}', 'stmts', '}', 'stmts', '{']","['{', 'IDN', '=', 'IDN', '+', 'IDN', ';', '}', '}', '}', '#']",匹配成功 : {
191,"['#', 'funcs', '}', 'stmts', 'result', '}', 'stmts', '}', 'stmts']","['IDN', '=', 'IDN', '+', 'IDN', ';', '}', '}', '}', '#']",替代
192,"['#', 'funcs', '}', 'stmts', 'result', '}', 'stmts', '}', 'stmts', 'stmt']","['IDN', '=', 'IDN', '+', 'IDN', ';', '}', '}', '}', '#']",替代
193,"['#', 'funcs', '}', 'stmts', 'result', '}', 'stmts', '}', 'stmts', 'assign_stmt']","['IDN', '=', 'IDN', '+', 'IDN', ';', '}', '}', '}', '#']",替代
194,"['#', 'funcs', '}', 'stmts', 'result', '}', 'stmts', '}', 'stmts', ';', 'expression']","['IDN', '=', 'IDN', '+', 'IDN', ';', '}', '}', '}', '#']",替代
195,"['#', 'funcs', '}', 'stmts', 'result', '}', 'stmts', '}', 'stmts', ';', 'operation', 'value']","['IDN', '=', 'IDN', '+', 'IDN', ';', '}', '}', '}', '#']",替代
196,"['#', 'funcs', '}', 'stmts', 'result', '}', 'stmts', '}', 'stmts', ';', 'operation', 'value_', 'item']","['IDN', '=', 'IDN', '+', 'IDN', ';', '}', '}', '}', '#']",替代
197,"['#', 'funcs', '}', 'stmts', 'result', '}', 'stmts', '}', 'stmts', ';', 'operation', 'value_', 'item_', 'factor']","['IDN', '=', 'IDN', '+', 'IDN', ';', '}', '}', '}', '#']",替代
198,"['#', 'funcs', '}', 'stmts', 'result', '}', 'stmts', '}', 'stmts', ';', 'operation', 'value_', 'item_', 'call_func', 'IDN']","['IDN', '=', 'IDN', '+', 'IDN', ';', '}', '}', '}', '#']",匹配成功 : IDN
199,"['#', 'funcs', '}', 'stmts', 'result', '}', 'stmts', '}', 'stmts', ';', 'operation', 'value_', 'item_', 'call_func']","['=', 'IDN', '+', 'IDN', ';', '}', '}', '}', '#']",可替代为空
200,"['#', 'funcs', '}', 'stmts', 'result', '}', 'stmts', '}', 'stmts', ';', 'operation', 'value_', 'item_']","['=', 'IDN', '+', 'IDN', ';', '}', '}', '}', '#']",可替代为空
201,"['#', 'funcs', '}', 'stmts', 'result', '}', 'stmts', '}', 'stmts', ';', 'operation', 'value_']","['=', 'IDN', '+', 'IDN', ';', '}', '}', '}', '#']",可替代为空
202,"['#', 'funcs', '}', 'stmts', 'result', '}', 'stmts', '}', 'stmts', ';', 'operation']","['=', 'IDN', '+', 'IDN', ';', '}', '}', '}', '#']",替代
203,"['#', 'funcs', '}', 'stmts', 'result', '}', 'stmts', '}', 'stmts', ';', 'value', 'equal_op']","['=', 'IDN', '+', 'IDN', ';', '}', '}', '}', '#']",替代
204,"['#', 'funcs', '}', 'stmts', 'result', '}', 'stmts', '}', 'stmts', ';', 'value', '=']","['=', 'IDN', '+', 'IDN', ';', '}', '}', '}', '#']",匹配成功 : =
205,"['#', 'funcs', '}', 'stmts', 'result', '}', 'stmts', '}', 'stmts', ';', 'value']","['IDN', '+', 'IDN', ';', '}', '}', '}', '#']",替代
206,"['#', 'funcs', '}', 'stmts', 'result', '}', 'stmts', '}', 'stmts', ';', 'value_', 'item']","['IDN', '+', 'IDN', ';', '}', '}', '}', '#']",替代
207,"['#', 'funcs', '}', 'stmts', 'result', '}', 'stmts', '}', 'stmts', ';', 'value_', 'item_', 'factor']","['IDN', '+', 'IDN', ';', '}', '}', '}', '#']",替代
208,"['#', 'funcs', '}', 'stmts', 'result', '}', 'stmts', '}', 'stmts', ';', 'value_', 'item_', 'call_func', 'IDN']","['IDN', '+', 'IDN', ';', '}', '}', '}', '#']",匹配成功 : IDN
209,"['#', 'funcs', '}', 'stmts', 'result', '}', 'stmts', '}', 'stmts', ';', 'value_', 'item_', 'call_func']","['+', 'IDN', ';', '}', '}', '}', '#']",可替代为空
210,"['#', 'funcs', '}', 'stmts', 'result', '}', 'stmts', '}', 'stmts', ';', 'value_', 'item_']","['+', 'IDN', ';', '}', '}', '}', '#']",可替代为空
211,"['#', 'funcs', '}', 'stmts', 'result', '}', 'stmts', '}', 'stmts', ';', 'value_']","['+', 'IDN', ';', '}', '}', '}', '#']",替代
212,"['#', 'funcs', '}', 'stmts', 'result', '}', 'stmts', '}', 'stmts', ';', 'value_', 'item', '+']","['+', 'IDN', ';', '}', '}', '}', '#']",匹配成功 : +
213,"['#', 'funcs', '}', 'stmts', 'result', '}', 'stmts', '}', 'stmts', ';', 'value_', 'item']","['IDN', ';', '}', '}', '}', '#']",替代
214,"['#', 'funcs', '}', 'stmts', 'result', '}', 'stmts', '}', 'stmts', ';', 'value_', 'item_', 'factor']","['IDN', ';', '}', '}', '}', '#']",替代
215,"['#', 'funcs', '}', 'stmts', 'result', '}', 'stmts', '}', 'stmts', ';', 'value_', 'item_', 'call_func', 'IDN']","['IDN', ';', '}', '}', '}', '#']",匹配成功 : IDN
216,"['#', 'funcs', '}', 'stmts', 'result', '}', 'stmts', '}', 'stmts', ';', 'value_', 'item_', 'call_func']","[';', '}', '}', '}', '#']",可替代为空
217,"['#', 'funcs', '}', 'stmts', 'result', '}', 'stmts', '}', 'stmts', ';', 'value_', 'item_']","[';', '}', '}', '}', '#']",可替代为空
218,"['#', 'funcs', '}', 'stmts', 'result', '}', 'stmts', '}', 'stmts', ';', 'value_']","[';', '}', '}', '}', '#']",可替代为空
219,"['#', 'funcs', '}', 'stmts', 'result', '}', 'stmts', '}', 'stmts', ';']","[';', '}', '}', '}', '#']",匹配成功 : ;
220,"['#', 'funcs', '}', 'stmts', 'result', '}', 'stmts', '}', 'stmts']","['}', '}', '}', '#']",可替代为空
221,"['#', 'funcs', '}', 'stmts', 'result', '}', 'stmts', '}']","['}', '}', '}', '#']",匹配成功 : }
222,"['#', 'funcs', '}', 'stmts', 'result', '}', 'stmts']","['}', '}', '#']",可替代为空
223,"['#', 'funcs', '}', 'stmts', 'result', '}']","['}', '}', '#']",匹配成功 : }
224,"['#', 'funcs', '}', 'stmts', 'result']","['}', '#']",可替代为空
225,"['#', 'funcs', '}', 'stmts']","['}', '#']",可替代为空
226,"['#', 'funcs', '}']","['}', '#']",匹配成功 : }
227,"['#', 'funcs']",['#'],可替代为空
228,['#'],['#'],结束
